node_name	children_node_name
O00329	FP17,FP21,FP22,FP25,FP32,FP33,FP37,FP38,FP43,FP45,FP47,FP64,FP65,FP69,FP73,FP76,FP77,FP79,FP80,FP84,FP85,FP89,FP93,FP98,FP99,FP100,FP104,FP105,FP106,FP111,FP113,FP114,FP122,FP123,FP125,FP126,FP133,FP135,FP140,FP142,FP144,FP145,FP146,FP148,FP149,FP150,FP151,FP152,FP153,FP158,FP160
O14672	FP23,FP24,FP66,FP68,FP69,FP71,FP72,FP86,FP90,FP91,FP98,FP125,FP139
O14757	FP37,FP38,FP62,FP77,FP80,FP82,FP85,FP86,FP90,FP91,FP93,FP95,FP98,FP100,FP101,FP111,FP113,FP122,FP125,FP127,FP129,FP131,FP139,FP143,FP144,FP145,FP146,FP148,FP152,FP153,FP157,FP159,FP160,FP164
O14920	FP17,FP19,FP25,FP28,FP37,FP38,FP41,FP42,FP43,FP45,FP50,FP52,FP53,FP57,FP62,FP65,FP72,FP74,FP75,FP76,FP77,FP79,FP82,FP83,FP84,FP85,FP86,FP87,FP89,FP91,FP93,FP95,FP96,FP97,FP98,FP99,FP100,FP103,FP104,FP105,FP106,FP107,FP111,FP113,FP118,FP120,FP121,FP122,FP123,FP125,FP126,FP127,FP129,FP133,FP134,FP135,FP136,FP139,FP142,FP143,FP144,FP145,FP146,FP148,FP149,FP150,FP151,FP152,FP153,FP154,FP155,FP158,FP160,FP163
O14939	FP17,FP22,FP37,FP43,FP65,FP66,FP77,FP82,FP84,FP87,FP91,FP92,FP93,FP103,FP104,FP106,FP107,FP110,FP112,FP117,FP118,FP125,FP131,FP132,FP134,FP135
O15379	FP19,FP22,FP23,FP24,FP37,FP41,FP50,FP54,FP57,FP63,FP65,FP66,FP68,FP69,FP71,FP72,FP73,FP76,FP77,FP78,FP79,FP80,FP81,FP83,FP84,FP85,FP86,FP89,FP90,FP91,FP93,FP94,FP95,FP96,FP97,FP99,FP101,FP102,FP104,FP105,FP106,FP108,FP109,FP111,FP112,FP113,FP114,FP115,FP116,FP118,FP119,FP121,FP123,FP124,FP125,FP126,FP127,FP129,FP130,FP131,FP132,FP133,FP136,FP137,FP138,FP142,FP143,FP144,FP147,FP149,FP152,FP155,FP157,FP159,FP160,FP162
O15530	FP8,FP17,FP19,FP25,FP26,FP36,FP37,FP45,FP47,FP50,FP54,FP65,FP75,FP76,FP77,FP78,FP79,FP80,FP81,FP82,FP83,FP84,FP85,FP86,FP87,FP88,FP89,FP91,FP95,FP96,FP97,FP98,FP99,FP100,FP105,FP106,FP110,FP112,FP117,FP119,FP120,FP121,FP122,FP125,FP127,FP136,FP137,FP138,FP140,FP143,FP144,FP145,FP147,FP148,FP150,FP153,FP154,FP155,FP158,FP159,FP160,FP163,FP164
O60341	FP17,FP22,FP36,FP38,FP47,FP59,FP62,FP64,FP65,FP70,FP73,FP77,FP80,FP81,FP82,FP85,FP86,FP88,FP90,FP94,FP95,FP97,FP100,FP101,FP104,FP105,FP106,FP109,FP111,FP114,FP115,FP118,FP124,FP125,FP126,FP128,FP129,FP130,FP131,FP132,FP133,FP138,FP145,FP146,FP147,FP150,FP157
O60674	FP11,FP22,FP25,FP32,FP33,FP37,FP38,FP46,FP47,FP49,FP50,FP51,FP52,FP53,FP54,FP56,FP57,FP59,FP62,FP63,FP65,FP67,FP70,FP71,FP75,FP76,FP77,FP78,FP80,FP81,FP82,FP83,FP84,FP85,FP86,FP89,FP90,FP91,FP94,FP95,FP96,FP97,FP98,FP100,FP102,FP103,FP104,FP106,FP109,FP111,FP117,FP118,FP119,FP120,FP122,FP125,FP129,FP131,FP132,FP133,FP135,FP136,FP138,FP142,FP144,FP145,FP146,FP147,FP148,FP149,FP150,FP151,FP153,FP155,FP157,FP159,FP160
O75116	FP37,FP43,FP52,FP62,FP65,FP69,FP72,FP80,FP81,FP83,FP90,FP92,FP93,FP94,FP96,FP97,FP105,FP106,FP109,FP110,FP113,FP117,FP121,FP124,FP125,FP126,FP127,FP131,FP136,FP139,FP143,FP144,FP145,FP152,FP153,FP154,FP157,FP159,FP164
O95822	FP36,FP38,FP47,FP62,FP66,FP74,FP75,FP79,FP81,FP85,FP86,FP88,FP95,FP98,FP100,FP108,FP109,FP115,FP122,FP129,FP138,FP139,FP144,FP145,FP148,FP149,FP150,FP151,FP153,FP155,FP157,FP160
P00533	FP1,FP2,FP3,FP4,FP5,FP6,FP7,FP8,FP9,FP10,FP11,FP12,FP13,FP14,FP15,FP16,FP18,FP19,FP20,FP21,FP22,FP23,FP24,FP25,FP26,FP27,FP28,FP29,FP30,FP31,FP32,FP33,FP34,FP35,FP37,FP38,FP39,FP40,FP41,FP42,FP43,FP44,FP45,FP46,FP47,FP48,FP49,FP50,FP51,FP52,FP53,FP54,FP55,FP56,FP57,FP58,FP59,FP60,FP61,FP62,FP63,FP64,FP65,FP66,FP67,FP68,FP70,FP71,FP72,FP73,FP76,FP77,FP78,FP79,FP80,FP82,FP84,FP85,FP86,FP87,FP89,FP91,FP92,FP94,FP95,FP96,FP97,FP98,FP99,FP100,FP101,FP103,FP104,FP105,FP106,FP107,FP108,FP109,FP110,FP111,FP112,FP115,FP118,FP119,FP120,FP121,FP122,FP123,FP124,FP125,FP126,FP129,FP131,FP132,FP133,FP134,FP135,FP136,FP137,FP138,FP139,FP141,FP142,FP144,FP145,FP146,FP147,FP148,FP149,FP150,FP151,FP153,FP154,FP155,FP156,FP158,FP159,FP161,FP162,FP163,FP164,FP165,FP166
P00734	FP23,FP25,FP36,FP37,FP38,FP43,FP45,FP46,FP59,FP62,FP64,FP65,FP71,FP72,FP75,FP76,FP77,FP78,FP79,FP80,FP81,FP82,FP83,FP84,FP85,FP86,FP87,FP90,FP91,FP92,FP93,FP95,FP96,FP98,FP99,FP100,FP101,FP103,FP104,FP107,FP108,FP110,FP111,FP112,FP113,FP116,FP117,FP118,FP119,FP120,FP121,FP122,FP123,FP124,FP125,FP126,FP128,FP129,FP131,FP132,FP133,FP135,FP136,FP137,FP138,FP144,FP145,FP147,FP148,FP150,FP151,FP152,FP153,FP155,FP157,FP159,FP166
P00749	FP25,FP29,FP38,FP43,FP48,FP53,FP62,FP65,FP77,FP78,FP89,FP90,FP93,FP95,FP105,FP119,FP123,FP127,FP135,FP139,FP140,FP143,FP144,FP155
P00915	FP1,FP2,FP4,FP5,FP6,FP7,FP8,FP10,FP11,FP12,FP13,FP14,FP15,FP16,FP17,FP20,FP21,FP22,FP23,FP25,FP27,FP28,FP32,FP33,FP35,FP36,FP37,FP38,FP39,FP40,FP42,FP43,FP46,FP47,FP51,FP52,FP55,FP56,FP57,FP58,FP59,FP60,FP61,FP62,FP64,FP65,FP67,FP68,FP69,FP70,FP73,FP74,FP75,FP77,FP78,FP79,FP80,FP81,FP82,FP83,FP84,FP85,FP86,FP88,FP89,FP92,FP93,FP94,FP95,FP96,FP97,FP98,FP100,FP102,FP104,FP105,FP106,FP107,FP109,FP110,FP111,FP112,FP113,FP114,FP117,FP119,FP120,FP121,FP122,FP123,FP124,FP125,FP126,FP127,FP128,FP130,FP132,FP133,FP134,FP135,FP136,FP137,FP139,FP140,FP141,FP142,FP143,FP145,FP146,FP147,FP148,FP149,FP151,FP152,FP153,FP154,FP155,FP156,FP157,FP158,FP161,FP166
P03372	FP26,FP38,FP45,FP50,FP53,FP62,FP72,FP76,FP77,FP78,FP79,FP80,FP85,FP86,FP92,FP93,FP95,FP97,FP100,FP110,FP111,FP113,FP114,FP117,FP118,FP119,FP120,FP122,FP125,FP126,FP127,FP128,FP129,FP131,FP133,FP135,FP136,FP138,FP139,FP142,FP143,FP146,FP147,FP148,FP150,FP151,FP152,FP153,FP154,FP156,FP157,FP158,FP161,FP162
P03956	FP24,FP33,FP36,FP40,FP47,FP48,FP49,FP52,FP53,FP54,FP56,FP62,FP63,FP65,FP66,FP68,FP69,FP70,FP71,FP72,FP75,FP79,FP80,FP82,FP83,FP86,FP91,FP92,FP93,FP94,FP95,FP96,FP97,FP98,FP100,FP102,FP104,FP105,FP106,FP110,FP115,FP116,FP118,FP119,FP120,FP121,FP122,FP123,FP124,FP125,FP128,FP129,FP132,FP133,FP135,FP137,FP138,FP139,FP140,FP141,FP142,FP145,FP147,FP148,FP153,FP154,FP155,FP158
P04062	FP22,FP25,FP38,FP53,FP54,FP62,FP65,FP66,FP72,FP75,FP80,FP82,FP83,FP85,FP89,FP90,FP91,FP97,FP98,FP100,FP104,FP105,FP106,FP109,FP115,FP116,FP122,FP125,FP128,FP129,FP131,FP133,FP135,FP138,FP139,FP140,FP144,FP145,FP146,FP147,FP148,FP151,FP162
P04066	FP66,FP79,FP98,FP108,FP112,FP160
P04150	FP17,FP42,FP47,FP52,FP62,FP65,FP74,FP77,FP79,FP80,FP82,FP83,FP87,FP90,FP92,FP97,FP98,FP105,FP106,FP107,FP110,FP111,FP117,FP118,FP120,FP121,FP125,FP129,FP130,FP133,FP134,FP136,FP137,FP141,FP144,FP147,FP150,FP151,FP152,FP156,FP157,FP162,FP164
P04626	FP24,FP29,FP38,FP41,FP45,FP46,FP47,FP49,FP50,FP53,FP54,FP56,FP57,FP62,FP63,FP65,FP68,FP69,FP70,FP71,FP75,FP76,FP77,FP78,FP79,FP80,FP83,FP84,FP86,FP91,FP94,FP95,FP96,FP97,FP98,FP99,FP100,FP104,FP105,FP109,FP111,FP114,FP115,FP116,FP119,FP120,FP121,FP123,FP124,FP126,FP130,FP131,FP133,FP135,FP136,FP137,FP138,FP149,FP151,FP153,FP155
P04798	FP62,FP65,FP76,FP89,FP91,FP95,FP97,FP99,FP105,FP121,FP125,FP133,FP135,FP140,FP161
P05067	FP62,FP93,FP95,FP96,FP97,FP99,FP133,FP135,FP144,FP152,FP153,FP156,FP158,FP161
P05129	FP90,FP91,FP96,FP98,FP108,FP124,FP126,FP133,FP148
P05412	FP37,FP52,FP57,FP82,FP83,FP85,FP90,FP91,FP92,FP93,FP94,FP95,FP96,FP98,FP104,FP105,FP109,FP110,FP114,FP115,FP117,FP121,FP122,FP124,FP127,FP128,FP129,FP130,FP131,FP137,FP143,FP148,FP154,FP155,FP157
P06239	FP25,FP100,FP105,FP106,FP114,FP116,FP118,FP125,FP139,FP145,FP147,FP149,FP153
P06493	FP17,FP25,FP27,FP28,FP32,FP33,FP37,FP38,FP41,FP42,FP43,FP45,FP50,FP51,FP52,FP55,FP57,FP58,FP59,FP60,FP61,FP62,FP64,FP67,FP69,FP73,FP74,FP75,FP76,FP79,FP81,FP82,FP83,FP85,FP86,FP88,FP89,FP90,FP91,FP92,FP93,FP94,FP95,FP96,FP98,FP99,FP101,FP102,FP103,FP105,FP106,FP108,FP109,FP110,FP112,FP113,FP115,FP116,FP117,FP118,FP119,FP121,FP122,FP124,FP125,FP129,FP130,FP131,FP133,FP135,FP136,FP139,FP141,FP144,FP145,FP146,FP148,FP149,FP150,FP151,FP152,FP154,FP157,FP158,FP159,FP164
P07384	FP16,FP29,FP36,FP48,FP50,FP51,FP53,FP54,FP55,FP58,FP59,FP60,FP61,FP65,FP67,FP72,FP74,FP79,FP81,FP82,FP88,FP89,FP90,FP92,FP100,FP102,FP112,FP115,FP123,FP124,FP128,FP130,FP137,FP139,FP148
P07477	FP36,FP38,FP57,FP62,FP65,FP79,FP81,FP83,FP88,FP90,FP92,FP96,FP98,FP104,FP105,FP115,FP120,FP121,FP123,FP125,FP126,FP132,FP136,FP137,FP138,FP139,FP140,FP145,FP152,FP154,FP155,FP160
P07550	FP37,FP38,FP43,FP54,FP62,FP72,FP75,FP77,FP79,FP80,FP82,FP95,FP97,FP104,FP105,FP110,FP113,FP117,FP120,FP121,FP125,FP131,FP132,FP137,FP139,FP142,FP144,FP145,FP154,FP156
P07711	FP8,FP11,FP19,FP33,FP37,FP41,FP42,FP47,FP54,FP57,FP65,FP66,FP69,FP72,FP74,FP75,FP78,FP79,FP80,FP82,FP83,FP86,FP87,FP89,FP90,FP91,FP92,FP93,FP95,FP96,FP97,FP98,FP99,FP100,FP104,FP105,FP106,FP107,FP108,FP109,FP110,FP111,FP112,FP114,FP115,FP116,FP117,FP118,FP119,FP120,FP121,FP122,FP125,FP129,FP131,FP132,FP134,FP135,FP136,FP137,FP138,FP140,FP141,FP142,FP144,FP145,FP146,FP147,FP149,FP150,FP151,FP154,FP156,FP157,FP160
P07858	FP23,FP41,FP53,FP54,FP62,FP65,FP66,FP74,FP77,FP80,FP82,FP83,FP86,FP90,FP91,FP95,FP99,FP100,FP104,FP107,FP108,FP109,FP110,FP111,FP112,FP120,FP123,FP125,FP126,FP128,FP129,FP132,FP133,FP134,FP136,FP138,FP139,FP140,FP145,FP146,FP149,FP152,FP153,FP157,FP159,FP160
P07900	FP82,FP92,FP105,FP110,FP117,FP118,FP129,FP138,FP144,FP147,FP155
P08172	FP4,FP5,FP8,FP11,FP18,FP19,FP25,FP30,FP31,FP36,FP37,FP38,FP42,FP44,FP45,FP46,FP47,FP49,FP51,FP54,FP55,FP56,FP58,FP59,FP60,FP61,FP62,FP63,FP64,FP65,FP66,FP67,FP69,FP70,FP73,FP75,FP77,FP78,FP80,FP81,FP82,FP85,FP86,FP88,FP89,FP90,FP91,FP92,FP95,FP96,FP97,FP98,FP100,FP101,FP102,FP104,FP106,FP109,FP111,FP112,FP113,FP115,FP117,FP118,FP119,FP120,FP121,FP122,FP123,FP124,FP125,FP128,FP129,FP130,FP131,FP133,FP135,FP136,FP138,FP139,FP140,FP142,FP144,FP145,FP146,FP147,FP148,FP152,FP153,FP155,FP156,FP157,FP158,FP159,FP160,FP161,FP162,FP163,FP165
P08238	FP23,FP25,FP27,FP28,FP36,FP38,FP46,FP50,FP52,FP57,FP59,FP62,FP64,FP69,FP71,FP79,FP82,FP87,FP91,FP92,FP93,FP95,FP97,FP99,FP100,FP102,FP103,FP104,FP107,FP108,FP109,FP110,FP114,FP115,FP117,FP121,FP125,FP131,FP133,FP134,FP135,FP136,FP140,FP141,FP142,FP146,FP149,FP151,FP153,FP154,FP155,FP160
P08246	FP7,FP8,FP11,FP19,FP21,FP28,FP32,FP33,FP42,FP44,FP45,FP47,FP51,FP52,FP53,FP54,FP55,FP58,FP59,FP60,FP61,FP66,FP67,FP72,FP73,FP74,FP75,FP80,FP81,FP82,FP84,FP85,FP86,FP88,FP89,FP94,FP95,FP99,FP100,FP101,FP102,FP104,FP106,FP107,FP108,FP112,FP114,FP115,FP116,FP124,FP125,FP129,FP130,FP131,FP134,FP136,FP139,FP140,FP144,FP145,FP146,FP148,FP152,FP153,FP162,FP163
P08253	FP24,FP25,FP29,FP32,FP33,FP37,FP38,FP43,FP48,FP49,FP50,FP51,FP52,FP53,FP54,FP55,FP57,FP58,FP59,FP60,FP61,FP62,FP63,FP65,FP66,FP67,FP68,FP69,FP71,FP73,FP74,FP75,FP77,FP78,FP80,FP81,FP82,FP84,FP88,FP89,FP91,FP92,FP95,FP97,FP98,FP100,FP101,FP102,FP104,FP105,FP106,FP108,FP109,FP110,FP112,FP113,FP114,FP118,FP119,FP120,FP122,FP123,FP124,FP125,FP126,FP127,FP129,FP130,FP131,FP133,FP135,FP136,FP139,FP140,FP141,FP143,FP144,FP146,FP148,FP149,FP150,FP151,FP152,FP153,FP154,FP155,FP157,FP160,FP162
P08254	FP13,FP17,FP22,FP23,FP24,FP25,FP29,FP32,FP33,FP36,FP41,FP46,FP47,FP50,FP51,FP53,FP54,FP55,FP58,FP59,FP60,FP61,FP62,FP63,FP64,FP65,FP68,FP69,FP70,FP71,FP72,FP74,FP75,FP76,FP79,FP81,FP84,FP88,FP89,FP91,FP92,FP93,FP94,FP95,FP97,FP100,FP102,FP104,FP105,FP106,FP108,FP110,FP111,FP113,FP115,FP121,FP122,FP123,FP124,FP126,FP127,FP129,FP130,FP131,FP132,FP135,FP136,FP137,FP138,FP139,FP140,FP142,FP143,FP144,FP146,FP147,FP148,FP149,FP151,FP152,FP153,FP157,FP160,FP162
P08473	FP17,FP23,FP25,FP42,FP43,FP62,FP77,FP78,FP79,FP84,FP87,FP88,FP89,FP96,FP97,FP100,FP106,FP107,FP109,FP119,FP123,FP129,FP131,FP132,FP134,FP138,FP142,FP144,FP150,FP151,FP157,FP160,FP162,FP163
P08514	FP15,FP21,FP22,FP23,FP24,FP28,FP32,FP36,FP38,FP45,FP49,FP51,FP52,FP53,FP54,FP55,FP57,FP58,FP59,FP60,FP61,FP64,FP65,FP67,FP69,FP71,FP72,FP73,FP74,FP76,FP80,FP84,FP85,FP86,FP88,FP89,FP91,FP92,FP93,FP94,FP95,FP97,FP98,FP100,FP102,FP103,FP104,FP105,FP106,FP109,FP111,FP113,FP117,FP118,FP120,FP121,FP122,FP124,FP125,FP127,FP128,FP129,FP132,FP133,FP135,FP136,FP137,FP138,FP139,FP140,FP141,FP143,FP144,FP146,FP147,FP148,FP149,FP150,FP152,FP157,FP159,FP160,FP165,FP166
P08581	FP38,FP41,FP42,FP46,FP52,FP53,FP54,FP62,FP65,FP66,FP68,FP75,FP77,FP80,FP82,FP83,FP84,FP85,FP87,FP90,FP93,FP94,FP95,FP96,FP97,FP98,FP105,FP107,FP111,FP120,FP121,FP122,FP124,FP125,FP130,FP133,FP134,FP135,FP136,FP140,FP144,FP146,FP148,FP150,FP152,FP154,FP155,FP159,FP160,FP164
P08588	FP37,FP106,FP156
P08842	FP33,FP39,FP40,FP52,FP66,FP77,FP79,FP90,FP91,FP96,FP104,FP105,FP108,FP114,FP115,FP116,FP117,FP123,FP125,FP128,FP129,FP131,FP139,FP142,FP144,FP145,FP150,FP154,FP160
P08908	FP8,FP14,FP19,FP22,FP38,FP42,FP59,FP62,FP64,FP65,FP66,FP69,FP77,FP79,FP80,FP82,FP83,FP86,FP87,FP90,FP91,FP96,FP97,FP100,FP101,FP103,FP104,FP105,FP106,FP107,FP111,FP112,FP113,FP116,FP118,FP120,FP123,FP125,FP128,FP129,FP134,FP135,FP136,FP138,FP139,FP140,FP146,FP147,FP149,FP150,FP152,FP154,FP155,FP160,FP164
P08912	FP19,FP30,FP36,FP49,FP51,FP60,FP61,FP62,FP66,FP67,FP73,FP75,FP77,FP79,FP81,FP82,FP83,FP86,FP88,FP90,FP91,FP92,FP96,FP97,FP98,FP104,FP105,FP108,FP109,FP110,FP111,FP117,FP118,FP121,FP125,FP127,FP129,FP138,FP139,FP141,FP142,FP143,FP144,FP145,FP147,FP150,FP151,FP154,FP156,FP159,FP162,FP163
P08913	FP38,FP45,FP77,FP78,FP80,FP93,FP108,FP112,FP119,FP123,FP125
P09038	FP53,FP79,FP81,FP85,FP90,FP95,FP96,FP115,FP120,FP122,FP142
P09211	FP22,FP34,FP42,FP79,FP87,FP88,FP100,FP103,FP107,FP111,FP123,FP127,FP133,FP134,FP143,FP144,FP145,FP150,FP157
P09467	FP36,FP43,FP46,FP47,FP57,FP62,FP72,FP79,FP80,FP81,FP84,FP85,FP88,FP95,FP98,FP103,FP105,FP122,FP125,FP131,FP140,FP145,FP147,FP149,FP152,FP153,FP154,FP155,FP160
P09874	FP2,FP13,FP16,FP17,FP24,FP25,FP27,FP34,FP37,FP38,FP52,FP54,FP56,FP59,FP62,FP63,FP64,FP65,FP68,FP75,FP79,FP81,FP83,FP84,FP85,FP86,FP89,FP90,FP91,FP92,FP94,FP95,FP96,FP97,FP99,FP100,FP101,FP105,FP106,FP109,FP110,FP111,FP117,FP118,FP120,FP121,FP122,FP124,FP125,FP128,FP129,FP131,FP133,FP137,FP138,FP142,FP144,FP145,FP147,FP148,FP151,FP152,FP153,FP154,FP155,FP156,FP158,FP161,FP163,FP164,FP165
P09917	FP13,FP24,FP36,FP43,FP52,FP53,FP54,FP57,FP59,FP62,FP63,FP64,FP70,FP71,FP72,FP74,FP75,FP77,FP80,FP81,FP82,FP83,FP84,FP88,FP91,FP92,FP93,FP94,FP95,FP97,FP98,FP102,FP105,FP109,FP110,FP111,FP113,FP114,FP115,FP117,FP120,FP123,FP124,FP125,FP126,FP127,FP129,FP130,FP133,FP135,FP136,FP137,FP139,FP143,FP145,FP146,FP149,FP150,FP152,FP153,FP154,FP155,FP157,FP159
P09960	FP36,FP47,FP65,FP72,FP79,FP80,FP81,FP85,FP88,FP95,FP100,FP104,FP105,FP106,FP109,FP110,FP111,FP114,FP117,FP122,FP123,FP125,FP128,FP129,FP131,FP133,FP135,FP138,FP139,FP142,FP145,FP146,FP147,FP148,FP151,FP153,FP154,FP156,FP158,FP159
P10275	FP26,FP38,FP41,FP42,FP45,FP47,FP50,FP52,FP53,FP59,FP62,FP64,FP65,FP66,FP68,FP69,FP70,FP72,FP76,FP77,FP78,FP79,FP80,FP81,FP88,FP89,FP94,FP95,FP96,FP97,FP98,FP99,FP103,FP105,FP106,FP107,FP110,FP112,FP115,FP118,FP119,FP121,FP123,FP124,FP125,FP126,FP127,FP129,FP131,FP132,FP134,FP135,FP136,FP137,FP139,FP140,FP143,FP144,FP146,FP147,FP151,FP154,FP156,FP158,FP160,FP161,FP162
P10415	FP25,FP32,FP33,FP36,FP45,FP47,FP51,FP62,FP76,FP78,FP80,FP81,FP88,FP106,FP113,FP131,FP139,FP141,FP145,FP146,FP154,FP157,FP159
P10721	FP8,FP11,FP22,FP34,FP52,FP53,FP62,FP65,FP66,FP69,FP77,FP78,FP80,FP82,FP83,FP87,FP90,FP91,FP94,FP96,FP97,FP101,FP103,FP105,FP106,FP110,FP112,FP114,FP115,FP116,FP117,FP119,FP121,FP124,FP133,FP135,FP141,FP142,FP144,FP149,FP150,FP151,FP152,FP154,FP155,FP156,FP159,FP161,FP164
P11229	FP33,FP36,FP37,FP52,FP54,FP58,FP65,FP67,FP77,FP79,FP82,FP83,FP86,FP88,FP90,FP91,FP93,FP94,FP96,FP97,FP98,FP104,FP106,FP110,FP117,FP120,FP124,FP125,FP126,FP127,FP130,FP131,FP132,FP133,FP135,FP136,FP139,FP143,FP144,FP150,FP151,FP152,FP154,FP155,FP157,FP159,FP162
P11309	FP17,FP25,FP28,FP37,FP38,FP41,FP42,FP43,FP45,FP49,FP52,FP54,FP57,FP62,FP65,FP69,FP70,FP72,FP74,FP75,FP77,FP78,FP79,FP83,FP84,FP86,FP87,FP89,FP91,FP92,FP93,FP94,FP96,FP98,FP104,FP105,FP106,FP107,FP110,FP111,FP117,FP119,FP120,FP121,FP123,FP124,FP125,FP129,FP130,FP131,FP133,FP134,FP135,FP136,FP140,FP141,FP142,FP144,FP145,FP146,FP150,FP151,FP152,FP154,FP156,FP157,FP158,FP159,FP161,FP164
P11362	FP3,FP4,FP5,FP6,FP7,FP9,FP10,FP12,FP14,FP15,FP21,FP25,FP26,FP36,FP37,FP38,FP41,FP42,FP43,FP46,FP47,FP50,FP51,FP52,FP53,FP54,FP55,FP56,FP57,FP58,FP59,FP60,FP61,FP62,FP63,FP64,FP65,FP67,FP68,FP69,FP70,FP72,FP73,FP75,FP76,FP78,FP79,FP80,FP81,FP82,FP83,FP85,FP86,FP88,FP90,FP91,FP92,FP93,FP94,FP95,FP96,FP97,FP98,FP99,FP101,FP105,FP106,FP109,FP110,FP111,FP113,FP116,FP117,FP118,FP119,FP120,FP121,FP122,FP124,FP125,FP129,FP131,FP132,FP137,FP138,FP139,FP142,FP144,FP145,FP148,FP149,FP150,FP151,FP152,FP154,FP156,FP159,FP160,FP162,FP163,FP164,FP165
P11802	FP25,FP37,FP38,FP45,FP47,FP52,FP53,FP54,FP62,FP65,FP69,FP72,FP77,FP78,FP80,FP83,FP86,FP87,FP89,FP90,FP94,FP96,FP97,FP101,FP103,FP105,FP106,FP118,FP119,FP120,FP124,FP127,FP131,FP133,FP135,FP136,FP138,FP143,FP144,FP146,FP150,FP159
P12931	FP19,FP22,FP25,FP29,FP37,FP41,FP43,FP45,FP48,FP52,FP53,FP54,FP62,FP64,FP65,FP66,FP69,FP70,FP74,FP75,FP78,FP80,FP82,FP84,FP85,FP86,FP87,FP89,FP90,FP91,FP92,FP93,FP94,FP97,FP98,FP102,FP103,FP104,FP105,FP106,FP107,FP110,FP112,FP113,FP114,FP117,FP119,FP121,FP122,FP124,FP126,FP127,FP130,FP131,FP133,FP134,FP135,FP136,FP138,FP139,FP140,FP142,FP143,FP144,FP149,FP150,FP151,FP152,FP153,FP154,FP155,FP157,FP159,FP160,FP164
P13612	FP14,FP24,FP25,FP28,FP36,FP38,FP43,FP51,FP52,FP53,FP54,FP55,FP57,FP58,FP59,FP60,FP61,FP64,FP67,FP72,FP73,FP74,FP78,FP81,FP82,FP83,FP84,FP85,FP88,FP89,FP90,FP91,FP92,FP95,FP96,FP97,FP99,FP101,FP102,FP104,FP105,FP108,FP110,FP111,FP112,FP117,FP119,FP123,FP124,FP125,FP127,FP130,FP131,FP133,FP136,FP139,FP140,FP141,FP143,FP144,FP145,FP146,FP147,FP148,FP151,FP154,FP155,FP157,FP162,FP163,FP165
P14061	FP36,FP69,FP81,FP83,FP85,FP86,FP88,FP91,FP93,FP96,FP98,FP115,FP122,FP137,FP144,FP148,FP149,FP151,FP155,FP160
P14780	FP13,FP23,FP24,FP45,FP46,FP49,FP50,FP54,FP56,FP57,FP62,FP63,FP65,FP68,FP70,FP71,FP72,FP75,FP76,FP78,FP79,FP80,FP82,FP84,FP85,FP89,FP91,FP92,FP93,FP97,FP99,FP100,FP101,FP104,FP105,FP108,FP109,FP110,FP111,FP112,FP113,FP117,FP119,FP122,FP123,FP125,FP126,FP127,FP131,FP136,FP137,FP139,FP140,FP142,FP143,FP145,FP146,FP148,FP151,FP152,FP153,FP154,FP157,FP158
P15056	FP105,FP133,FP135
P15090	FP8,FP11,FP25,FP47,FP62,FP64,FP72,FP81,FP85,FP88,FP90,FP91,FP97,FP118,FP127,FP133,FP143,FP147,FP150
P15121	FP19,FP24,FP32,FP33,FP36,FP38,FP42,FP47,FP49,FP51,FP53,FP56,FP59,FP60,FP61,FP62,FP63,FP64,FP65,FP66,FP69,FP70,FP73,FP74,FP75,FP77,FP78,FP80,FP81,FP82,FP84,FP86,FP87,FP88,FP89,FP91,FP92,FP93,FP95,FP97,FP99,FP100,FP103,FP104,FP107,FP110,FP111,FP112,FP113,FP114,FP116,FP117,FP119,FP120,FP122,FP123,FP125,FP126,FP128,FP129,FP133,FP134,FP135,FP138,FP140,FP142,FP147,FP148,FP151,FP152,FP156,FP158,FP159,FP160,FP161
P15144	FP37,FP43,FP62,FP74,FP95,FP100,FP105,FP111,FP123,FP135,FP140,FP153
P17252	FP32,FP33,FP45,FP50,FP51,FP55,FP57,FP58,FP59,FP60,FP61,FP64,FP65,FP66,FP67,FP72,FP73,FP75,FP76,FP81,FP82,FP83,FP86,FP88,FP89,FP90,FP91,FP92,FP95,FP96,FP98,FP99,FP102,FP104,FP105,FP110,FP111,FP112,FP120,FP121,FP123,FP126,FP127,FP129,FP130,FP131,FP132,FP136,FP138,FP140,FP141,FP143,FP149,FP150,FP151,FP152,FP159,FP161
P17612	FP8,FP11,FP25,FP43,FP66,FP72,FP74,FP76,FP77,FP78,FP82,FP84,FP89,FP90,FP92,FP93,FP99,FP105,FP108,FP110,FP112,FP113,FP117,FP119,FP123,FP126,FP128,FP129,FP131,FP132,FP136,FP139,FP140,FP141,FP144,FP146,FP149,FP152,FP154,FP155,FP157,FP159,FP160
P17706	FP32,FP33,FP38,FP39,FP40,FP42,FP48,FP54,FP59,FP64,FP66,FP69,FP79,FP89,FP92,FP94,FP105,FP107,FP108,FP110,FP111,FP113,FP116,FP117,FP126,FP127,FP131,FP134,FP135,FP138,FP143,FP150,FP154,FP157
P18031	FP13,FP14,FP21,FP22,FP23,FP24,FP25,FP27,FP28,FP29,FP32,FP36,FP38,FP42,FP43,FP46,FP47,FP48,FP49,FP50,FP52,FP54,FP56,FP57,FP62,FP63,FP65,FP66,FP69,FP70,FP72,FP74,FP76,FP77,FP79,FP80,FP81,FP83,FP87,FP88,FP89,FP90,FP92,FP95,FP96,FP97,FP99,FP100,FP104,FP105,FP106,FP107,FP108,FP109,FP110,FP111,FP113,FP114,FP115,FP116,FP117,FP118,FP120,FP121,FP123,FP126,FP127,FP131,FP132,FP133,FP134,FP135,FP137,FP139,FP140,FP141,FP142,FP143,FP147,FP149,FP153,FP155,FP156,FP158,FP160,FP161
P18405	FP26,FP45,FP50,FP76,FP82,FP86,FP90,FP96,FP104,FP105,FP108,FP118,FP128,FP131,FP132,FP147,FP149,FP150
P19438	FP46,FP104,FP105,FP113,FP123,FP132,FP136,FP139,FP155
P19793	FP32,FP33,FP74,FP87,FP96,FP100,FP104,FP105,FP107,FP108,FP109,FP110,FP111,FP113,FP117,FP118,FP126,FP127,FP129,FP131,FP132,FP133,FP141,FP143,FP146,FP149,FP150,FP151,FP152,FP153
P20292	FP66,FP95,FP97,FP98,FP102,FP103,FP105,FP112,FP114,FP128,FP136,FP151
P20309	FP19,FP22,FP50,FP57,FP62,FP66,FP76,FP86,FP91,FP93,FP95,FP97,FP105,FP106,FP109,FP110,FP111,FP112,FP114,FP115,FP117,FP123,FP125,FP129,FP131,FP132,FP133,FP135,FP138,FP139,FP141,FP142,FP144,FP145,FP147,FP150,FP151,FP152,FP154,FP156,FP157,FP159,FP162,FP163,FP164
P20701	FP37,FP42,FP53,FP57,FP62,FP74,FP75,FP77,FP79,FP80,FP82,FP83,FP85,FP86,FP87,FP91,FP96,FP97,FP98,FP100,FP103,FP106,FP112,FP115,FP120,FP121,FP122,FP128,FP129,FP132,FP133,FP135,FP137,FP138,FP146,FP147,FP148,FP149,FP152,FP153
P21397	FP25,FP37,FP38,FP43,FP46,FP52,FP57,FP59,FP62,FP64,FP65,FP72,FP77,FP78,FP79,FP80,FP81,FP84,FP85,FP88,FP89,FP93,FP94,FP97,FP98,FP100,FP106,FP109,FP113,FP114,FP119,FP120,FP124,FP125,FP126,FP127,FP132,FP142,FP143,FP150,FP152,FP157,FP158
P21453	FP8,FP11,FP22,FP23,FP25,FP28,FP29,FP38,FP42,FP43,FP46,FP48,FP51,FP52,FP53,FP54,FP55,FP58,FP59,FP60,FP61,FP62,FP64,FP66,FP69,FP71,FP74,FP76,FP77,FP82,FP84,FP89,FP90,FP93,FP94,FP95,FP97,FP98,FP99,FP102,FP104,FP105,FP106,FP107,FP108,FP111,FP112,FP123,FP124,FP125,FP126,FP128,FP129,FP130,FP131,FP132,FP133,FP134,FP135,FP136,FP138,FP139,FP140,FP141,FP144,FP145,FP146,FP147,FP150,FP153,FP154,FP155,FP156,FP157,FP159,FP161,FP166
P21462	FP38,FP43,FP50,FP53,FP54,FP66,FP72,FP76,FP92,FP95,FP96,FP99,FP100,FP110,FP114,FP117,FP137,FP141,FP153
P21731	FP22,FP50,FP72,FP75,FP76,FP78,FP83,FP85,FP86,FP90,FP96,FP98,FP99,FP105,FP109,FP119,FP122,FP123,FP125,FP126,FP138,FP139,FP150,FP152,FP157
P22303	FP17,FP21,FP22,FP23,FP25,FP28,FP36,FP38,FP41,FP42,FP46,FP47,FP49,FP50,FP52,FP56,FP59,FP62,FP63,FP65,FP66,FP75,FP76,FP77,FP78,FP79,FP80,FP81,FP82,FP83,FP84,FP85,FP87,FP88,FP90,FP91,FP95,FP96,FP97,FP98,FP99,FP100,FP101,FP104,FP105,FP106,FP107,FP108,FP109,FP110,FP111,FP112,FP116,FP117,FP118,FP119,FP120,FP121,FP122,FP123,FP125,FP128,FP129,FP133,FP134,FP135,FP137,FP138,FP139,FP140,FP142,FP144,FP145,FP146,FP147,FP148,FP150,FP151,FP153,FP154,FP155,FP156,FP158,FP161,FP162
P22894	FP24,FP28,FP36,FP47,FP49,FP52,FP53,FP54,FP57,FP65,FP66,FP68,FP71,FP72,FP79,FP80,FP81,FP83,FP84,FP86,FP89,FP90,FP91,FP92,FP95,FP96,FP97,FP100,FP104,FP105,FP108,FP110,FP111,FP119,FP120,FP121,FP122,FP125,FP128,FP129,FP130,FP132,FP137,FP138,FP139,FP140,FP142,FP145,FP153,FP154,FP155,FP158,FP160
P24941	FP25,FP32,FP33,FP38,FP41,FP45,FP47,FP50,FP51,FP52,FP53,FP55,FP58,FP59,FP60,FP61,FP62,FP64,FP65,FP67,FP69,FP70,FP72,FP73,FP76,FP79,FP80,FP81,FP82,FP83,FP88,FP89,FP91,FP94,FP96,FP97,FP98,FP99,FP102,FP103,FP105,FP106,FP109,FP110,FP112,FP113,FP115,FP117,FP120,FP121,FP124,FP125,FP126,FP128,FP130,FP131,FP133,FP135,FP136,FP142,FP144,FP145,FP146,FP151,FP154,FP158,FP159,FP164
P25024	FP18,FP41,FP44,FP62,FP64,FP69,FP83,FP86,FP89,FP92,FP96,FP104,FP105,FP114,FP122,FP125,FP139,FP145,FP151,FP160
P25025	FP25,FP38,FP52,FP53,FP62,FP69,FP77,FP80,FP84,FP88,FP89,FP94,FP98,FP100,FP114,FP123,FP124,FP126,FP129,FP133,FP135,FP136,FP139,FP140,FP150,FP153
P25090	FP24,FP37,FP42,FP43,FP49,FP56,FP62,FP63,FP65,FP70,FP71,FP75,FP98,FP102,FP104,FP106,FP113,FP122,FP130,FP131,FP134,FP135,FP136,FP140,FP148,FP152
P25100	FP23,FP36,FP41,FP64,FP66,FP69,FP79,FP80,FP82,FP83,FP87,FP89,FP90,FP92,FP95,FP96,FP104,FP105,FP110,FP112,FP113,FP120,FP123,FP125,FP126,FP127,FP133,FP135,FP143,FP149,FP152,FP154
P25105	FP19,FP36,FP45,FP47,FP52,FP65,FP76,FP79,FP80,FP83,FP87,FP90,FP91,FP94,FP96,FP99,FP104,FP108,FP120,FP124,FP135,FP138,FP150,FP151,FP154,FP155,FP158,FP160
P25774	FP23,FP41,FP54,FP55,FP57,FP58,FP60,FP61,FP66,FP67,FP73,FP82,FP83,FP85,FP88,FP90,FP96,FP97,FP100,FP102,FP105,FP108,FP112,FP115,FP123,FP126,FP127,FP128,FP130,FP132,FP133,FP135,FP137,FP138,FP140,FP143,FP150,FP152,FP153,FP160
P26010	FP37,FP53,FP54,FP62,FP74,FP77,FP90,FP92,FP93,FP95,FP97,FP104,FP105,FP110,FP111,FP115,FP117,FP123,FP125,FP126,FP127,FP131,FP136,FP139,FP140,FP141,FP143,FP144,FP145,FP150,FP155,FP157,FP160,FP163
P27815	FP21,FP26,FP41,FP42,FP43,FP45,FP50,FP65,FP66,FP69,FP72,FP74,FP76,FP84,FP87,FP99,FP107,FP109,FP112,FP113,FP114,FP126,FP134,FP138,FP141,FP144,FP146
P27986	FP26,FP45,FP46,FP50,FP52,FP53,FP54,FP62,FP66,FP69,FP76,FP79,FP84,FP89,FP96,FP97,FP99,FP100,FP106,FP124,FP131,FP133,FP135,FP136,FP141,FP145,FP150,FP153,FP159
P28221	FP36,FP38,FP45,FP62,FP65,FP66,FP77,FP78,FP79,FP80,FP83,FP90,FP91,FP92,FP96,FP97,FP105,FP109,FP117,FP119,FP120,FP123,FP125,FP128,FP131,FP132,FP135,FP138,FP139,FP140,FP142,FP146,FP149,FP150,FP155,FP156,FP160,FP166
P28482	FP38,FP52,FP53,FP62,FP79,FP83,FP87,FP94,FP96,FP103,FP105,FP107,FP110,FP117,FP124,FP134,FP144,FP147,FP154
P28845	FP36,FP37,FP47,FP51,FP57,FP78,FP80,FP82,FP83,FP90,FP95,FP96,FP101,FP112,FP119,FP124,FP125,FP127,FP128,FP136,FP143
P28907	FP36,FP47,FP81,FP84,FP88,FP104,FP129
P29466	FP41,FP53,FP54,FP57,FP59,FP62,FP65,FP66,FP69,FP72,FP74,FP75,FP79,FP80,FP82,FP85,FP86,FP88,FP89,FP90,FP91,FP99,FP100,FP104,FP109,FP111,FP112,FP113,FP115,FP116,FP120,FP121,FP122,FP123,FP126,FP127,FP129,FP131,FP132,FP133,FP135,FP136,FP137,FP138,FP139,FP140,FP143,FP144,FP146,FP147,FP148,FP149,FP150,FP151,FP152,FP153,FP155
P30419	FP80,FP87,FP97,FP107,FP123,FP128,FP129,FP134,FP140,FP142
P30939	FP62,FP80,FP83,FP96,FP105,FP136
P31213	FP16,FP22,FP75,FP82,FP91,FP93,FP96,FP97,FP100,FP109,FP136,FP139,FP146,FP151,FP153,FP157
P31749	FP19,FP38,FP41,FP52,FP62,FP65,FP75,FP78,FP80,FP83,FP84,FP89,FP91,FP95,FP96,FP98,FP104,FP105,FP107,FP111,FP113,FP119,FP120,FP121,FP126,FP129,FP131,FP133,FP134,FP137,FP139,FP150,FP153,FP155,FP164
P32246	FP52,FP65,FP75,FP77,FP80,FP83,FP87,FP89,FP90,FP95,FP96,FP107,FP113,FP120,FP121,FP122,FP126,FP127,FP131,FP134,FP137,FP139,FP140,FP143,FP152,FP154,FP155,FP156,FP157
P35348	FP23,FP45,FP50,FP51,FP57,FP59,FP60,FP61,FP62,FP64,FP65,FP66,FP67,FP69,FP73,FP74,FP75,FP76,FP80,FP86,FP89,FP90,FP93,FP97,FP99,FP104,FP105,FP110,FP111,FP118,FP120,FP125,FP126,FP128,FP129,FP138,FP145,FP146,FP149,FP150,FP151,FP154,FP155,FP157,FP160
P35367	FP8,FP11,FP17,FP19,FP22,FP23,FP24,FP25,FP26,FP28,FP34,FP36,FP38,FP41,FP42,FP46,FP47,FP56,FP57,FP62,FP63,FP64,FP70,FP72,FP74,FP75,FP79,FP80,FP82,FP83,FP84,FP85,FP86,FP87,FP89,FP90,FP91,FP92,FP93,FP96,FP97,FP98,FP99,FP101,FP103,FP104,FP105,FP106,FP107,FP108,FP109,FP110,FP114,FP115,FP116,FP117,FP118,FP120,FP122,FP123,FP125,FP127,FP133,FP134,FP135,FP136,FP138,FP139,FP141,FP142,FP143,FP144,FP146,FP148,FP149,FP150,FP151,FP152,FP154,FP155,FP156,FP159,FP160,FP166
P35372	FP19,FP25,FP26,FP38,FP45,FP50,FP62,FP66,FP74,FP75,FP76,FP77,FP79,FP80,FP84,FP85,FP86,FP90,FP98,FP100,FP101,FP105,FP106,FP109,FP111,FP112,FP113,FP115,FP116,FP118,FP122,FP125,FP128,FP131,FP132,FP136,FP138,FP139,FP140,FP144,FP146,FP148,FP149,FP150,FP151,FP156,FP158,FP161
P35462	FP11,FP20,FP23,FP25,FP26,FP28,FP37,FP38,FP41,FP42,FP46,FP47,FP49,FP50,FP52,FP56,FP59,FP62,FP63,FP64,FP65,FP69,FP75,FP76,FP77,FP78,FP79,FP80,FP81,FP82,FP83,FP85,FP86,FP87,FP88,FP89,FP90,FP91,FP92,FP94,FP96,FP97,FP98,FP100,FP103,FP104,FP105,FP106,FP108,FP110,FP112,FP116,FP117,FP118,FP119,FP120,FP122,FP123,FP124,FP128,FP129,FP131,FP133,FP135,FP136,FP138,FP139,FP142,FP144,FP145,FP148,FP149,FP150,FP151,FP152,FP154,FP155,FP156,FP159,FP160,FP162,FP163,FP164,FP166
P35916	FP28,FP36,FP37,FP43,FP47,FP50,FP62,FP76,FP77,FP80,FP81,FP82,FP88,FP89,FP92,FP97,FP98,FP99,FP109,FP110,FP111,FP117,FP133,FP135,FP154,FP164
P36888	FP2,FP7,FP8,FP9,FP10,FP11,FP12,FP13,FP14,FP15,FP16,FP18,FP19,FP20,FP25,FP28,FP36,FP37,FP38,FP41,FP42,FP46,FP47,FP49,FP50,FP56,FP59,FP62,FP63,FP64,FP65,FP70,FP72,FP75,FP76,FP77,FP78,FP79,FP80,FP81,FP83,FP86,FP87,FP88,FP89,FP90,FP91,FP92,FP94,FP95,FP96,FP97,FP98,FP100,FP103,FP105,FP106,FP107,FP109,FP110,FP111,FP113,FP115,FP116,FP117,FP118,FP119,FP120,FP121,FP122,FP124,FP125,FP128,FP129,FP130,FP131,FP132,FP133,FP134,FP135,FP138,FP142,FP144,FP145,FP147,FP148,FP149,FP150,FP151,FP153,FP154,FP155,FP156,FP158,FP159,FP160,FP161,FP164
P37058	FP37,FP52,FP62,FP66,FP76,FP78,FP80,FP92,FP94,FP96,FP99,FP104,FP105,FP112,FP113,FP116,FP119,FP120,FP124,FP128,FP145,FP147,FP149,FP150
P37231	FP14,FP17,FP21,FP23,FP25,FP26,FP27,FP32,FP33,FP37,FP42,FP43,FP45,FP46,FP47,FP50,FP51,FP53,FP55,FP56,FP57,FP58,FP59,FP60,FP61,FP62,FP63,FP64,FP65,FP67,FP69,FP70,FP71,FP72,FP73,FP74,FP75,FP76,FP77,FP79,FP80,FP83,FP84,FP85,FP86,FP87,FP89,FP90,FP92,FP94,FP95,FP96,FP97,FP98,FP100,FP101,FP102,FP103,FP104,FP105,FP106,FP108,FP109,FP110,FP111,FP112,FP113,FP116,FP117,FP120,FP121,FP122,FP123,FP124,FP125,FP126,FP127,FP129,FP130,FP132,FP133,FP136,FP137,FP138,FP139,FP141,FP142,FP143,FP144,FP145,FP146,FP147,FP148,FP149,FP150,FP152,FP153,FP156,FP161,FP164
P40763	FP19,FP26,FP29,FP36,FP43,FP47,FP48,FP52,FP53,FP59,FP69,FP75,FP77,FP79,FP81,FP84,FP85,FP88,FP90,FP94,FP98,FP99,FP102,FP104,FP106,FP111,FP112,FP120,FP122,FP124,FP128,FP130,FP131,FP135,FP136,FP148
P41143	FP19,FP22,FP38,FP49,FP54,FP62,FP66,FP72,FP75,FP77,FP79,FP80,FP82,FP84,FP86,FP90,FP91,FP92,FP93,FP95,FP97,FP98,FP100,FP101,FP103,FP104,FP105,FP110,FP112,FP113,FP114,FP116,FP117,FP121,FP125,FP126,FP127,FP128,FP131,FP132,FP133,FP135,FP136,FP137,FP138,FP139,FP140,FP142,FP143,FP144,FP145,FP146,FP149,FP150,FP152,FP154,FP157,FP159,FP160,FP166
P41594	FP17,FP36,FP38,FP47,FP54,FP62,FP77,FP79,FP81,FP83,FP84,FP87,FP90,FP95,FP96,FP97,FP103,FP105,FP107,FP116,FP120,FP126,FP127,FP131,FP134,FP136,FP140,FP143,FP144,FP145,FP147,FP151,FP154,FP158,FP164
P41595	FP38,FP42,FP57,FP66,FP79,FP95,FP112,FP132,FP133,FP135,FP151,FP159
P41597	FP42,FP65,FP97,FP108,FP120,FP133,FP144,FP149
P42336	FP17,FP21,FP25,FP32,FP33,FP36,FP38,FP41,FP45,FP47,FP52,FP53,FP54,FP57,FP59,FP64,FP65,FP69,FP76,FP77,FP78,FP79,FP80,FP81,FP82,FP83,FP84,FP86,FP87,FP88,FP91,FP94,FP95,FP96,FP97,FP98,FP99,FP105,FP106,FP109,FP110,FP111,FP114,FP117,FP119,FP120,FP123,FP124,FP125,FP131,FP133,FP135,FP138,FP144,FP146,FP147,FP148,FP149,FP150,FP151,FP155,FP158,FP160,FP164
P42338	FP17,FP19,FP23,FP37,FP38,FP42,FP43,FP57,FP62,FP66,FP70,FP74,FP75,FP78,FP80,FP82,FP83,FP84,FP85,FP86,FP87,FP89,FP90,FP92,FP93,FP95,FP96,FP97,FP98,FP105,FP106,FP107,FP109,FP110,FP111,FP113,FP114,FP117,FP119,FP122,FP126,FP127,FP129,FP131,FP132,FP134,FP138,FP143,FP144,FP145,FP146,FP147,FP148,FP150,FP152,FP154,FP155,FP157,FP159,FP162
P42574	FP23,FP32,FP33,FP36,FP37,FP47,FP49,FP53,FP54,FP59,FP62,FP65,FP67,FP72,FP74,FP75,FP79,FP82,FP89,FP90,FP92,FP94,FP95,FP96,FP97,FP100,FP104,FP108,FP110,FP111,FP115,FP116,FP117,FP120,FP122,FP124,FP127,FP128,FP129,FP131,FP132,FP133,FP135,FP136,FP138,FP139,FP140,FP142,FP143,FP146,FP147,FP148,FP150,FP151,FP152,FP155
P42785	FP38,FP77,FP86,FP87,FP90,FP98,FP103,FP107,FP125,FP129,FP131,FP133,FP134,FP135,FP136,FP138,FP142,FP152,FP164
P43235	FP23,FP41,FP42,FP57,FP66,FP69,FP74,FP75,FP77,FP79,FP80,FP82,FP87,FP89,FP97,FP98,FP100,FP105,FP106,FP107,FP109,FP112,FP113,FP114,FP115,FP120,FP122,FP123,FP125,FP126,FP134,FP135,FP138,FP145,FP149,FP152,FP157,FP163
P43403	FP25,FP45,FP47,FP50,FP53,FP75,FP76,FP79,FP82,FP85,FP89,FP95,FP97,FP98,FP99,FP105,FP106,FP107,FP108,FP109,FP117,FP118,FP127,FP128,FP129,FP131,FP132,FP133,FP134,FP139,FP140,FP143,FP146,FP151,FP153,FP155,FP160
P43405	FP38,FP43,FP53,FP54,FP62,FP65,FP69,FP75,FP77,FP78,FP79,FP80,FP82,FP84,FP86,FP87,FP89,FP90,FP91,FP95,FP104,FP111,FP118,FP119,FP120,FP121,FP125,FP129,FP131,FP137,FP139,FP140,FP146,FP147,FP150,FP155,FP160
P45983	FP11,FP13,FP25,FP34,FP37,FP38,FP41,FP42,FP43,FP45,FP50,FP53,FP54,FP62,FP65,FP69,FP72,FP75,FP76,FP77,FP78,FP82,FP84,FP85,FP89,FP90,FP91,FP92,FP93,FP95,FP97,FP98,FP99,FP100,FP104,FP105,FP106,FP107,FP111,FP113,FP115,FP116,FP118,FP119,FP120,FP121,FP122,FP125,FP126,FP127,FP129,FP134,FP136,FP137,FP140,FP141,FP143,FP145,FP146,FP147,FP148,FP151,FP152,FP153,FP155,FP164
P47989	FP41,FP53,FP72,FP76,FP87,FP90,FP100,FP103,FP104,FP107,FP109,FP111,FP118,FP134,FP136,FP139,FP147,FP150,FP153
P48729	FP37,FP42,FP107,FP110,FP134,FP138,FP155
P48736	FP21,FP22,FP23,FP32,FP33,FP36,FP38,FP39,FP40,FP41,FP42,FP45,FP46,FP47,FP48,FP51,FP55,FP57,FP58,FP59,FP60,FP61,FP64,FP65,FP67,FP69,FP73,FP76,FP77,FP78,FP79,FP80,FP81,FP87,FP88,FP89,FP92,FP94,FP97,FP98,FP99,FP102,FP106,FP110,FP112,FP117,FP119,FP120,FP121,FP123,FP124,FP125,FP130,FP131,FP133,FP134,FP135,FP136,FP137,FP142,FP144,FP145,FP146,FP148,FP149,FP150,FP151,FP154,FP155,FP156,FP158,FP159,FP160,FP161,FP164
P49137	FP1,FP7,FP9,FP10,FP22,FP23,FP25,FP28,FP29,FP35,FP36,FP38,FP40,FP42,FP43,FP44,FP45,FP47,FP48,FP53,FP54,FP57,FP59,FP62,FP64,FP65,FP68,FP69,FP70,FP73,FP75,FP76,FP77,FP79,FP80,FP82,FP83,FP84,FP89,FP90,FP91,FP92,FP95,FP96,FP97,FP98,FP100,FP101,FP103,FP104,FP105,FP106,FP108,FP110,FP111,FP114,FP115,FP116,FP117,FP118,FP120,FP123,FP125,FP127,FP129,FP130,FP131,FP133,FP135,FP137,FP138,FP139,FP140,FP142,FP143,FP144,FP146,FP147,FP150,FP151,FP152,FP153,FP155,FP156,FP159,FP161,FP163,FP165,FP166
P49327	FP50,FP92,FP98,FP110,FP117,FP121,FP135,FP138,FP142,FP151,FP158,FP161
P49356	FP19,FP33,FP36,FP41,FP46,FP54,FP55,FP58,FP59,FP60,FP61,FP62,FP67,FP73,FP77,FP80,FP81,FP82,FP83,FP86,FP87,FP88,FP90,FP91,FP92,FP95,FP96,FP98,FP103,FP105,FP106,FP108,FP111,FP112,FP117,FP128,FP129,FP130,FP131,FP132,FP135,FP136,FP138,FP144,FP150,FP151,FP155,FP156,FP159,FP164
P49768	FP54,FP62,FP115,FP133,FP135,FP144,FP145,FP150
P49841	FP25,FP57,FP71,FP87,FP98,FP102,FP103,FP107,FP113,FP125,FP126,FP127,FP134,FP143,FP145,FP147,FP152,FP157,FP159,FP160
P50406	FP1,FP2,FP3,FP4,FP5,FP6,FP7,FP8,FP9,FP10,FP11,FP12,FP13,FP14,FP15,FP16,FP17,FP18,FP20,FP21,FP22,FP23,FP24,FP25,FP26,FP27,FP28,FP29,FP30,FP31,FP34,FP35,FP36,FP37,FP38,FP39,FP40,FP41,FP43,FP44,FP45,FP48,FP49,FP52,FP53,FP54,FP56,FP57,FP59,FP63,FP64,FP65,FP66,FP68,FP69,FP70,FP71,FP72,FP75,FP77,FP78,FP80,FP82,FP83,FP89,FP90,FP91,FP92,FP93,FP95,FP96,FP97,FP103,FP104,FP105,FP109,FP110,FP113,FP114,FP116,FP119,FP121,FP122,FP123,FP125,FP126,FP127,FP128,FP132,FP133,FP134,FP135,FP137,FP139,FP140,FP141,FP142,FP143,FP144,FP145,FP148,FP149,FP150,FP154,FP155,FP156,FP158,FP159,FP160,FP161,FP162,FP163,FP164,FP165
P50579	FP16,FP19,FP22,FP23,FP42,FP46,FP53,FP54,FP62,FP65,FP66,FP69,FP72,FP77,FP79,FP82,FP84,FP85,FP86,FP87,FP90,FP91,FP96,FP97,FP100,FP103,FP104,FP105,FP107,FP109,FP111,FP112,FP117,FP118,FP120,FP121,FP122,FP123,FP128,FP129,FP131,FP134,FP137,FP138,FP139,FP140,FP142,FP147,FP152,FP153,FP154,FP155,FP156,FP158,FP161,FP162,FP163
P51449	FP11,FP32,FP33,FP41,FP51,FP55,FP57,FP62,FP65,FP66,FP69,FP79,FP81,FP82,FP83,FP86,FP88,FP92,FP94,FP95,FP96,FP97,FP98,FP100,FP102,FP103,FP104,FP109,FP110,FP111,FP112,FP114,FP116,FP117,FP118,FP121,FP122,FP123,FP124,FP127,FP128,FP129,FP133,FP135,FP137,FP139,FP140,FP141,FP142,FP143,FP144,FP147,FP148,FP149,FP150,FP151,FP152,FP153,FP154,FP155,FP157
P51677	FP42,FP62,FP65,FP66,FP82,FP83,FP87,FP91,FP96,FP101,FP103,FP104,FP107,FP112,FP120,FP128,FP133,FP134,FP135,FP149,FP150,FP159,FP160
P51681	FP8,FP19,FP23,FP24,FP28,FP32,FP33,FP34,FP37,FP46,FP47,FP49,FP51,FP54,FP55,FP56,FP58,FP59,FP60,FP61,FP62,FP63,FP64,FP65,FP67,FP69,FP70,FP71,FP72,FP73,FP74,FP75,FP77,FP79,FP80,FP81,FP82,FP83,FP84,FP85,FP86,FP88,FP89,FP91,FP92,FP93,FP95,FP96,FP97,FP99,FP103,FP104,FP108,FP109,FP110,FP111,FP115,FP116,FP117,FP119,FP120,FP121,FP122,FP123,FP126,FP128,FP129,FP130,FP131,FP132,FP133,FP135,FP136,FP137,FP138,FP139,FP142,FP145,FP147,FP148,FP150,FP151,FP154,FP157,FP158,FP159,FP160,FP164,FP166
P52895	FP32,FP33,FP51,FP53,FP55,FP58,FP60,FP61,FP67,FP69,FP73,FP87,FP88,FP89,FP93,FP94,FP97,FP102,FP106,FP111,FP123,FP124,FP130,FP139,FP142,FP144,FP150,FP151,FP153
P53350	FP36,FP38,FP42,FP47,FP74,FP75,FP79,FP80,FP81,FP83,FP84,FP85,FP86,FP88,FP89,FP95,FP96,FP97,FP100,FP105,FP113,FP115,FP118,FP122,FP126,FP129,FP131,FP138,FP147,FP148,FP151,FP159,FP160
P53779	FP25,FP38,FP42,FP52,FP57,FP62,FP65,FP72,FP77,FP80,FP84,FP87,FP89,FP92,FP95,FP97,FP98,FP106,FP107,FP112,FP125,FP129,FP131,FP133,FP134,FP135,FP136,FP140,FP145,FP146,FP151,FP152,FP159
P55055	FP17,FP32,FP33,FP42,FP51,FP52,FP55,FP58,FP59,FP60,FP61,FP62,FP64,FP66,FP67,FP72,FP73,FP80,FP81,FP82,FP86,FP88,FP90,FP91,FP94,FP100,FP101,FP102,FP103,FP104,FP105,FP106,FP107,FP108,FP109,FP111,FP112,FP114,FP115,FP116,FP117,FP118,FP120,FP123,FP124,FP125,FP128,FP129,FP130,FP132,FP134,FP135,FP136,FP137,FP138,FP139,FP140,FP144,FP146,FP148,FP149,FP151,FP153,FP154,FP155,FP157,FP159,FP160
P55072	FP38,FP47,FP59,FP64,FP74,FP83,FP96,FP98,FP106,FP109,FP113,FP118,FP123,FP126,FP127,FP131,FP139,FP143,FP147,FP149,FP152,FP153,FP154,FP155,FP157
P55263	FP19,FP38,FP53,FP54,FP66,FP77,FP80,FP84,FP98,FP112,FP125,FP131,FP133,FP139,FP142,FP144,FP145,FP146,FP151,FP154
P56524	FP22,FP36,FP38,FP42,FP54,FP57,FP62,FP65,FP77,FP78,FP80,FP84,FP85,FP88,FP89,FP91,FP97,FP99,FP104,FP105,FP106,FP107,FP112,FP114,FP116,FP119,FP120,FP121,FP122,FP123,FP132,FP134,FP136,FP140,FP142,FP146,FP148
P61073	FP53,FP65,FP69,FP75,FP83,FP84,FP85,FP86,FP89,FP92,FP95,FP96,FP97,FP99,FP101,FP104,FP105,FP109,FP110,FP113,FP115,FP122,FP128,FP129,FP133,FP136,FP139,FP148,FP152,FP157
P62937	FP53,FP74
P62993	FP29,FP37,FP43,FP48,FP53,FP65,FP66,FP68,FP69,FP77,FP84,FP89,FP91,FP97,FP102,FP105,FP106,FP114,FP121,FP123,FP124,FP125,FP129,FP130,FP133,FP135,FP137,FP138,FP144,FP145,FP148,FP149,FP160
P68400	FP27,FP38,FP41,FP47,FP59,FP64,FP75,FP81,FP85,FP88,FP100,FP104,FP111,FP114,FP122,FP123,FP139,FP147,FP151,FP153,FP154,FP155,FP157,FP158,FP159,FP164
P78536	FP19,FP24,FP36,FP54,FP62,FP64,FP68,FP69,FP71,FP72,FP74,FP82,FP83,FP89,FP90,FP91,FP92,FP94,FP96,FP98,FP102,FP104,FP109,FP110,FP116,FP123,FP124,FP131,FP135,FP136,FP139,FP140,FP144,FP155
P98170	FP19,FP54,FP74,FP75,FP79,FP80,FP83,FP85,FP86,FP90,FP91,FP101,FP104,FP105,FP108,FP114,FP116,FP118,FP122,FP125,FP127,FP128,FP129,FP131,FP133,FP135,FP138,FP140,FP143,FP148
Q01064	FP24,FP36,FP37,FP38,FP47,FP52,FP62,FP68,FP69,FP71,FP72,FP81,FP83,FP85,FP88,FP91,FP93,FP94,FP96,FP100,FP102,FP105,FP106,FP114,FP124,FP125,FP131,FP133,FP138,FP151,FP153,FP155,FP159
Q03181	FP57,FP66,FP72,FP92,FP95,FP104,FP106,FP107,FP110,FP115,FP116,FP134,FP136
Q05655	FP25,FP26,FP36,FP47,FP53,FP66,FP81,FP86,FP88,FP92,FP93,FP98,FP100,FP101,FP104,FP105,FP106,FP110,FP111,FP112,FP117,FP123,FP131,FP138,FP140,FP144,FP146,FP147,FP150,FP153,FP154,FP155,FP160
Q07343	FP19,FP32,FP33,FP37,FP50,FP62,FP65,FP72,FP75,FP76,FP80,FP83,FP87,FP91,FP92,FP93,FP95,FP97,FP98,FP100,FP103,FP105,FP106,FP107,FP110,FP112,FP113,FP117,FP118,FP120,FP121,FP125,FP126,FP127,FP129,FP131,FP133,FP134,FP135,FP138,FP142,FP143,FP145,FP146,FP147,FP149,FP150,FP151,FP152,FP153,FP154,FP155,FP157,FP159,FP160,FP164
Q07817	FP50,FP54,FP62,FP75,FP76,FP77,FP82,FP86,FP98,FP99,FP100,FP118,FP121,FP123,FP126,FP129,FP132,FP147
Q08499	FP22,FP36,FP38,FP42,FP43,FP47,FP53,FP57,FP62,FP65,FP66,FP72,FP74,FP75,FP78,FP80,FP81,FP88,FP89,FP92,FP93,FP98,FP105,FP106,FP110,FP111,FP115,FP116,FP119,FP121,FP123,FP125,FP126,FP127,FP128,FP131,FP133,FP139,FP141,FP142,FP143,FP144,FP146,FP149,FP150,FP152,FP153,FP155,FP156,FP158,FP161
Q13085	FP23,FP37,FP43,FP52,FP77,FP80,FP82,FP83,FP94,FP95,FP96,FP97,FP104,FP106,FP108,FP111,FP116,FP123,FP124,FP126,FP127,FP131,FP143,FP144,FP151,FP155
Q13133	FP42,FP52,FP65,FP66,FP70,FP72,FP75,FP79,FP80,FP83,FP84,FP89,FP90,FP91,FP92,FP96,FP98,FP101,FP104,FP106,FP108,FP110,FP111,FP112,FP114,FP115,FP116,FP117,FP118,FP119,FP123,FP128,FP129,FP136,FP137,FP139,FP140,FP149,FP150,FP151,FP154,FP159
Q13255	FP25,FP36,FP37,FP41,FP47,FP52,FP54,FP62,FP65,FP66,FP69,FP72,FP74,FP75,FP79,FP81,FP88,FP91,FP92,FP94,FP95,FP98,FP105,FP106,FP110,FP112,FP117,FP121,FP123,FP124,FP127,FP129,FP130,FP131,FP136,FP137,FP139,FP140,FP141,FP142,FP143,FP144,FP145,FP150,FP158
Q13464	FP19,FP25,FP30,FP36,FP37,FP38,FP42,FP43,FP45,FP50,FP53,FP54,FP62,FP75,FP76,FP77,FP79,FP84,FP85,FP88,FP90,FP92,FP93,FP94,FP95,FP97,FP99,FP100,FP104,FP105,FP106,FP108,FP109,FP110,FP113,FP115,FP116,FP117,FP122,FP124,FP126,FP127,FP129,FP131,FP139,FP141,FP143,FP144,FP145,FP147,FP148,FP150,FP151,FP152,FP154,FP155,FP157,FP159,FP160,FP164
Q13526	FP86,FP93,FP98,FP108
Q13547	FP13,FP18,FP19,FP24,FP26,FP32,FP33,FP34,FP39,FP40,FP43,FP44,FP46,FP47,FP49,FP50,FP51,FP54,FP56,FP57,FP62,FP63,FP65,FP68,FP72,FP73,FP77,FP78,FP79,FP83,FP84,FP86,FP88,FP89,FP90,FP91,FP92,FP93,FP94,FP95,FP96,FP97,FP98,FP99,FP100,FP101,FP103,FP104,FP105,FP107,FP108,FP110,FP111,FP113,FP117,FP118,FP119,FP120,FP121,FP123,FP125,FP126,FP127,FP128,FP129,FP130,FP131,FP132,FP133,FP134,FP135,FP136,FP137,FP138,FP139,FP140,FP142,FP143,FP145,FP146,FP147,FP149,FP150,FP151,FP152,FP153,FP154,FP155,FP156,FP157,FP158,FP160,FP162,FP163,FP164,FP165
Q13639	FP39,FP40,FP48,FP53,FP62,FP74,FP75,FP79,FP85,FP89,FP90,FP95,FP103,FP104,FP109,FP114,FP122,FP123,FP125,FP128,FP131,FP132,FP140,FP146,FP148,FP149,FP154,FP155
Q13936	FP38,FP45,FP50,FP62,FP66,FP74,FP75,FP76,FP77,FP92,FP95,FP98,FP110,FP112,FP113,FP117,FP123,FP126,FP127,FP141,FP143,FP152
Q14416	FP17,FP19,FP22,FP38,FP42,FP65,FP78,FP84,FP86,FP87,FP92,FP95,FP97,FP98,FP100,FP104,FP105,FP107,FP110,FP111,FP117,FP118,FP119,FP127,FP129,FP132,FP133,FP134,FP135,FP138,FP143,FP144,FP147,FP151,FP152,FP154,FP155
Q14832	FP22,FP66,FP72,FP91,FP105,FP112,FP147,FP163
Q15078	FP37,FP38,FP42,FP43,FP47,FP53,FP54,FP57,FP62,FP64,FP69,FP73,FP75,FP76,FP78,FP81,FP84,FP86,FP87,FP90,FP91,FP92,FP97,FP98,FP99,FP101,FP104,FP105,FP107,FP109,FP111,FP113,FP115,FP119,FP130,FP131,FP132,FP133,FP136,FP140,FP146,FP150,FP152,FP154,FP155,FP159,FP160
Q16665	FP32,FP33,FP38,FP57,FP62,FP65,FP66,FP69,FP77,FP82,FP83,FP85,FP89,FP90,FP92,FP94,FP95,FP96,FP97,FP98,FP99,FP101,FP104,FP106,FP109,FP110,FP114,FP116,FP121,FP122,FP123,FP124,FP127,FP128,FP137,FP143,FP144,FP148,FP149,FP150,FP153,FP154,FP155,FP156
Q16769	FP75,FP85,FP98,FP104,FP108,FP109,FP116,FP118,FP122,FP132,FP144,FP145,FP148,FP150
Q92731	FP38,FP53,FP65,FP75,FP77,FP86,FP95,FP109,FP131,FP136,FP141,FP149,FP154
Q92769	FP13,FP18,FP24,FP38,FP44,FP49,FP50,FP54,FP57,FP63,FP65,FP68,FP69,FP71,FP72,FP75,FP76,FP79,FP82,FP89,FP90,FP91,FP94,FP95,FP97,FP98,FP99,FP100,FP102,FP104,FP105,FP106,FP107,FP111,FP119,FP121,FP122,FP124,FP130,FP131,FP134,FP136,FP137,FP139,FP142,FP146,FP147,FP148,FP153,FP155,FP159
Q92793	FP38,FP69,FP77,FP79,FP80,FP104,FP105,FP108,FP111,FP115,FP116,FP132
Q96GD4	FP1,FP2,FP19,FP22,FP23,FP25,FP35,FP38,FP39,FP44,FP47,FP49,FP53,FP54,FP56,FP57,FP62,FP63,FP65,FP66,FP69,FP70,FP72,FP77,FP78,FP79,FP80,FP81,FP84,FP85,FP86,FP88,FP89,FP90,FP92,FP95,FP97,FP98,FP100,FP103,FP105,FP106,FP108,FP110,FP113,FP117,FP118,FP119,FP120,FP121,FP123,FP127,FP129,FP130,FP132,FP133,FP135,FP136,FP138,FP139,FP141,FP142,FP143,FP147,FP150,FP151,FP152,FP153,FP154,FP155,FP156,FP158,FP159,FP161,FP162,FP163,FP164,FP165
Q96RI1	FP37,FP42,FP57,FP62,FP65,FP71,FP74,FP83,FP85,FP86,FP87,FP91,FP93,FP97,FP100,FP102,FP103,FP106,FP107,FP108,FP109,FP113,FP118,FP120,FP125,FP131,FP133,FP134,FP135,FP140,FP146,FP151,FP153,FP154,FP155,FP160
Q9BY41	FP19,FP24,FP38,FP47,FP52,FP54,FP57,FP62,FP65,FP68,FP69,FP71,FP72,FP75,FP76,FP77,FP78,FP79,FP80,FP81,FP82,FP83,FP85,FP88,FP89,FP90,FP91,FP92,FP93,FP94,FP95,FP96,FP97,FP99,FP100,FP102,FP104,FP105,FP119,FP120,FP121,FP122,FP124,FP125,FP127,FP131,FP132,FP133,FP135,FP136,FP137,FP138,FP143,FP144,FP145,FP148,FP150,FP153,FP157
Q9NWZ3	FP36,FP38,FP42,FP46,FP47,FP52,FP53,FP62,FP74,FP75,FP77,FP79,FP80,FP81,FP82,FP83,FP85,FP88,FP90,FP92,FP93,FP94,FP97,FP98,FP100,FP105,FP107,FP110,FP116,FP117,FP122,FP123,FP124,FP125,FP129,FP131,FP134,FP144,FP148,FP149,FP152,FP153,FP154,FP155,FP159,FP160
Q9UHL4	FP18,FP22,FP23,FP27,FP28,FP29,FP36,FP41,FP42,FP43,FP44,FP47,FP48,FP50,FP53,FP65,FP69,FP76,FP80,FP82,FP84,FP86,FP87,FP90,FP92,FP95,FP97,FP98,FP99,FP101,FP102,FP103,FP104,FP107,FP110,FP117,FP118,FP120,FP122,FP125,FP128,FP129,FP131,FP132,FP133,FP134,FP135,FP136,FP139,FP140,FP144,FP145,FP150,FP154,FP155,FP164
Q9Y5N1	FP19,FP32,FP33,FP37,FP42,FP43,FP46,FP57,FP62,FP64,FP69,FP82,FP87,FP94,FP95,FP98,FP104,FP105,FP106,FP107,FP110,FP118,FP120,FP123,FP128,FP129,FP131,FP133,FP134,FP151,FP154
R-HSA-1676048	P48736,P42338,P42336,P27986,O00329
R-HSA-1676109	P48736,P42338,P42336,P27986,O00329
R-HSA-2316434	Q9NWZ3,Q92731,P62993,P42338,P42336,P27986,P12931,P11362,P10721,P09038,P08581,P06239,P04626,P03372,P00533,O00329
R-HSA-2400009	Q92731,P62993,P42338,P42336,P27986,P12931,P11362,P10721,P09038,P08581,P06239,P04626,P03372,P00533,O00329
R-HSA-508247	P62993,P42338,P42336,P27986,O60674,O00329
R-HSA-879917	P62993,P43405,P42338,P42336,P27986,O00329
R-HSA-9012657	P48736,P42338,P42336,P27986,O60674,O00329
R-HSA-9021627	P48736,P42338,P42336,P27986,O60674,O00329
R-HSA-9027275	P48736,P42338,P42336,P27986,O60674,O00329
R-HSA-9027280	P48736,P42338,P42336,P27986,O60674,O00329
R-HSA-912627	P62993,P43405,P42338,P42336,P27986,O00329
R-HSA-912629	P62993,P43405,P42338,P42336,P27986,O00329
R-HSA-157629	O14672
R-HSA-157632	P78536,O14672
R-HSA-2220944	P78536,O14672
R-HSA-2220976	P78536,O14672
R-HSA-2666278	P78536,O14672
R-HSA-2730752	P78536,O14672
R-HSA-6798747	P25105,P25090,P00749,O14672
R-HSA-6799350	P25090,P20701,P00749,O14672
R-HSA-9013284	O14672
R-HSA-205328	P10721,O14757
R-HSA-1168638	O14920
R-HSA-168910	O14920
R-HSA-2730876	O14920
R-HSA-8863895	O14920
R-HSA-9014343	O14920
R-HSA-933530	O14920
R-HSA-937029	O14920
R-HSA-2029471	O14939
R-HSA-1368065	Q92793,P19793,O15379
R-HSA-1368069	O15379
R-HSA-1912388	Q9BY41,Q92769,Q13547,P56524,O15379
R-HSA-1989765	Q92793,Q13133,P55055,P19793,O15379
R-HSA-2220982	Q9BY41,Q92769,Q13547,P56524,O15379
R-HSA-350058	Q9BY41,Q92769,Q13547,P56524,O15379
R-HSA-381290	P37231,P19793,O15379
R-HSA-5663245	O15379
R-HSA-5663252	O15379
R-HSA-5663258	O15379
R-HSA-5663265	O15379
R-HSA-5663271	O15379
R-HSA-6807077	Q92769,Q13547,O60341,O15379
R-HSA-8944104	Q92769,Q13547,P37231,P05412,O60341,O15379
R-HSA-9024326	Q13133,P55055,P19793,O15379
R-HSA-9024334	Q13133,P55055,P19793,O15379
R-HSA-202459	O15530
R-HSA-432110	P31749,P08514,O15530
R-HSA-5625848	P10275,O60341
R-HSA-5625849	P10275,O60341
R-HSA-5625870	P10275,O60341
R-HSA-9011984	P03372,O60341
R-HSA-9011985	P03372,O60341
R-HSA-109857	O60674
R-HSA-109858	P28482,O60674
R-HSA-1112565	P40763,O60674
R-HSA-1112602	P40763,O60674
R-HSA-1112604	P40763,O60674
R-HSA-1112690	O60674
R-HSA-1112727	P40763,O60674
R-HSA-1112755	O60674
R-HSA-1168393	O60674
R-HSA-1168394	O60674
R-HSA-1168423	O60674
R-HSA-1168445	P18031,O60674
R-HSA-1168456	O60674
R-HSA-1168459	P28482,O60674
R-HSA-1168767	P40763,O60674
R-HSA-1168768	P40763,O60674
R-HSA-1168809	O60674
R-HSA-1168813	O60674
R-HSA-1168839	O60674
R-HSA-1168894	O60674
R-HSA-1169188	O60674
R-HSA-1169192	P18031,O60674
R-HSA-1169210	P18031,O60674
R-HSA-1302698	O60674
R-HSA-1364043	O60674
R-HSA-1364044	O60674
R-HSA-1369080	O60674
R-HSA-1370505	O60674
R-HSA-1433418	P12931,P10721,P06239,O60674
R-HSA-1433451	P12931,P10721,P06239,O60674
R-HSA-1433456	P40763,P12931,P10721,P06239,O60674
R-HSA-1470009	P40763,P12931,P10721,P06239,O60674
R-HSA-1470010	P40763,P12931,P10721,P06239,O60674
R-HSA-1470012	P40763,P12931,P10721,P06239,O60674
R-HSA-1671687	O60674
R-HSA-1671691	O60674
R-HSA-1675473	O60674
R-HSA-449976	O60674
R-HSA-450031	O60674
R-HSA-453104	P62993,O60674
R-HSA-453111	P62993,O60674
R-HSA-5672969	P15056,P12931,O60674
R-HSA-5696482	O60674
R-HSA-6783524	O60674
R-HSA-6783530	O60674
R-HSA-6783552	O60674
R-HSA-6783556	O60674
R-HSA-6783681	O60674
R-HSA-6784189	O60674
R-HSA-6784204	O60674
R-HSA-6785821	O60674
R-HSA-6785898	O60674
R-HSA-6786050	O60674
R-HSA-6786058	O60674
R-HSA-6786070	O60674
R-HSA-6786072	P40763,O60674
R-HSA-6786092	O60674
R-HSA-6786095	P40763,O60674
R-HSA-6786096	O60674
R-HSA-6786101	O60674
R-HSA-6786110	O60674
R-HSA-6786114	O60674
R-HSA-6786124	P40763,O60674
R-HSA-6788571	P40763,O60674
R-HSA-6788582	P40763,O60674
R-HSA-6788628	P40763,O60674
R-HSA-6802916	P15056,P12931,O60674
R-HSA-6802924	P15056,P12931,O60674
R-HSA-6802941	P15056,P12931,O60674
R-HSA-873918	O60674
R-HSA-873919	O60674
R-HSA-873921	O60674
R-HSA-873922	O60674
R-HSA-873924	O60674
R-HSA-873926	O60674
R-HSA-873927	O60674
R-HSA-877269	O60674
R-HSA-877308	P18031,O60674
R-HSA-879907	O60674
R-HSA-879910	O60674
R-HSA-879925	O60674
R-HSA-879934	O60674
R-HSA-879937	O60674
R-HSA-879942	O60674
R-HSA-8950737	O60674
R-HSA-8987104	P40763,O60674
R-HSA-8987141	P40763,O60674
R-HSA-8987156	P40763,O60674
R-HSA-8987179	O60674
R-HSA-8987220	O60674
R-HSA-9006323	O60674
R-HSA-9006325	O60674
R-HSA-9006332	O60674
R-HSA-9012650	O60674
R-HSA-9012651	O60674
R-HSA-9012654	O60674
R-HSA-9024723	O60674
R-HSA-9024726	O60674
R-HSA-9027272	O60674
R-HSA-9027273	O60674
R-HSA-9027274	O60674
R-HSA-9027281	O60674
R-HSA-9027373	O60674
R-HSA-9027425	O60674
R-HSA-9029149	P62993,O60674
R-HSA-9029150	P62993,O60674
R-HSA-9029151	P62993,O60674
R-HSA-9029155	O60674
R-HSA-9029158	P62993,O60674
R-HSA-9032478	O60674
R-HSA-909552	Q05655,O60674
R-HSA-912527	P62993,O60674
R-HSA-913370	O60674
R-HSA-913371	O60674
R-HSA-913374	O60674
R-HSA-913424	P62993,O60674
R-HSA-982768	O60674
R-HSA-982775	O60674
R-HSA-982778	O60674
R-HSA-982792	O60674
R-HSA-982807	O60674
R-HSA-982810	O60674
R-HSA-3928576	Q13464,O75116
R-HSA-419049	Q13464,O75116
R-HSA-5228992	Q13464,O75116
R-HSA-977317	O95822
R-HSA-1169421	P07900,P00533
R-HSA-1218833	P07900,P00533
R-HSA-1220610	P07900,P00533
R-HSA-1220611	P07900,P00533
R-HSA-1220612	P07900,P00533
R-HSA-1220613	P07900,P00533
R-HSA-1220614	P07900,P00533
R-HSA-1247999	P07900,P00533
R-HSA-1248002	P07900,P00533
R-HSA-1248655	P07900,P00533
R-HSA-1250195	P04626,P00533
R-HSA-1250463	P62993,P04626,P00533
R-HSA-1250486	P62993,P04626,P00533
R-HSA-1250488	P62993,P04626,P00533
R-HSA-1250498	P62993,P04626,P00533
R-HSA-1306957	P62993,P42336,P27986,P04626,P00533
R-HSA-1306963	P62993,P04626,P00533
R-HSA-1306965	P62993,P42336,P27986,P04626,P00533
R-HSA-177924	P62993,P00533
R-HSA-177927	P62993,P42336,P27986,P00533
R-HSA-177930	P62993,P00533
R-HSA-177935	P62993,P00533
R-HSA-177937	P12931,P00533
R-HSA-177939	P62993,P42336,P27986,P00533
R-HSA-177941	P62993,P00533
R-HSA-177944	P62993,P00533
R-HSA-182969	P00533
R-HSA-182986	P00533
R-HSA-182990	P00533
R-HSA-182993	P00533
R-HSA-182994	P62993,P00533
R-HSA-183002	P62993,P00533
R-HSA-183036	P62993,P00533
R-HSA-183051	P00533
R-HSA-183055	P00533
R-HSA-183058	P62993,P00533
R-HSA-183067	P62993,P00533
R-HSA-183072	P00533
R-HSA-183084	P62993,P00533
R-HSA-183089	P00533
R-HSA-1963563	P04626,P00533
R-HSA-1963578	P04626,P00533
R-HSA-1963589	P07900,P04626,P00533
R-HSA-2179407	P62993,P00533
R-HSA-2179415	P62993,P00533
R-HSA-5638137	P07900,P00533
R-HSA-8847995	P04626,P00533
R-HSA-8848005	P04626,P00533
R-HSA-8857549	P00533
R-HSA-8857555	P00533
R-HSA-8857565	P00533
R-HSA-8857577	P00533
R-HSA-8857583	Q16665,P00533
R-HSA-8857925	P12931,P06239,P00533
R-HSA-8864105	P04626,P00533
R-HSA-8864125	P04626,P00533
R-HSA-8867041	P62993,P00533
R-HSA-8867044	P62993,P00533
R-HSA-8867047	P62993,P00533
R-HSA-8951490	P62993,P00533
R-HSA-9018572	P00533
R-HSA-9018573	P00533
R-HSA-9625465	P00533
R-HSA-9625482	P00533
R-HSA-9625487	P00533
R-HSA-9634702	Q16665,P00533
R-HSA-159843	P00734
R-HSA-8852716	P08246,P00734
R-HSA-9015379	P00734
R-HSA-9603302	P00734
R-HSA-158959	P00749
R-HSA-8950623	P00915
R-HSA-9021170	Q92731,P03372
R-HSA-9021609	Q92731,P12931,P03372
R-HSA-9021660	Q92731,P42336,P27986,P12931,P03372
R-HSA-9027670	Q92731,P03372
R-HSA-9633044	Q92731,P03372
R-HSA-8931981	P03372
R-HSA-8932020	P03372
R-HSA-8932021	P03372
R-HSA-8932033	P03372
R-HSA-8932037	P03372
R-HSA-8932076	P03372
R-HSA-8932084	P03372
R-HSA-8939201	Q92731,P03372
R-HSA-9008258	P03372
R-HSA-9008270	P03372
R-HSA-9008271	P03372
R-HSA-9008285	P03372
R-HSA-9008315	P03372
R-HSA-9009371	P05412,P03372
R-HSA-9009378	P05412,P03372
R-HSA-9009526	P03372
R-HSA-9009533	P03372
R-HSA-9009536	P03372
R-HSA-9009541	P03372
R-HSA-9011941	P10415,P03372
R-HSA-9011949	P03372
R-HSA-9011950	P03372
R-HSA-9011952	P03372
R-HSA-9011966	P03372
R-HSA-9011971	P03372
R-HSA-9011975	P03372
R-HSA-9011981	P03372
R-HSA-9011983	P03372
R-HSA-9011997	P03372
R-HSA-9012000	P03372
R-HSA-9012315	P03372
R-HSA-9012319	P03372
R-HSA-9018334	P03372
R-HSA-9018497	P03372
R-HSA-9018499	P03372
R-HSA-9018505	P03372
R-HSA-9023840	P03372
R-HSA-9023846	P03372
R-HSA-9023859	P03372
R-HSA-9023860	P03372
R-HSA-9023861	P03372
R-HSA-9023884	P03372
R-HSA-9038029	Q92731,P03372
R-HSA-9038052	Q92793,P03372
R-HSA-9038161	P08238,P07900,P03372
R-HSA-9038163	P03372
R-HSA-1602473	P03956
R-HSA-6789615	P40763,P14780,P09038,P08254,P08253,P03956
R-HSA-1605591	P04062
R-HSA-5693807	P04066
R-HSA-6798751	Q9UHL4,Q05655,P55072,P28482,P08246,P04066
R-HSA-8848804	Q16665,P04150
R-HSA-8856930	P04150
R-HSA-9009085	P04150
R-HSA-1250189	P42336,P27986,P04626
R-HSA-1250346	P42336,P27986,P04626
R-HSA-1250462	P42336,P27986,P04626
R-HSA-1306969	P62993,P04626
R-HSA-1306972	P62993,P04626
R-HSA-1306979	P42336,P27986,P04626
R-HSA-1358792	P04626
R-HSA-1358798	P04626
R-HSA-1918092	P07900,P04626
R-HSA-1918095	P07900,P04626
R-HSA-1989764	Q92793,P19793,P04798
R-HSA-9037761	P04798
R-HSA-1296421	P08238,P05067
R-HSA-844440	P08238,P05067
R-HSA-844610	P08238,P05067
R-HSA-844612	P29466,P08238,P05067
R-HSA-111966	Q05655,P17252,P05129
R-HSA-111970	Q05655,P17252,P05129
R-HSA-114553	P17252,P05129
R-HSA-751040	Q05655,P17252,P05129
R-HSA-8982703	Q05655,P17252,P05129
R-HSA-8982709	Q05655,P17252,P05129
R-HSA-168136	P53779,P45983,P05412
R-HSA-5692788	P05412
R-HSA-1433428	P62993,P12931,P10721,P06239
R-HSA-1433454	P62993,P12931,P10721,P06239
R-HSA-1433488	P12931,P10721,P06239
R-HSA-1433506	P12931,P10721,P06239
R-HSA-1433514	P62993,P42336,P27986,P12931,P10721,P06239
R-HSA-1433542	P12931,P10721,P06239
R-HSA-1472121	P12931,P10721,P06239
R-HSA-1562641	P62993,P42336,P27986,P12931,P10721,P06239
R-HSA-202214	P06239
R-HSA-202216	P43403,P06239
R-HSA-202233	P06239
R-HSA-202245	P43403,P06239
R-HSA-202248	P43403,P06239
R-HSA-202307	P06239
R-HSA-205205	P12931,P10721,P06239
R-HSA-205234	P62993,P12931,P10721,P06239
R-HSA-205238	P12931,P10721,P06239
R-HSA-205244	P62993,P12931,P10721,P06239
R-HSA-205319	P12931,P10721,P06239
R-HSA-210289	P43405,P06239
R-HSA-2395412	P43405,P06239
R-HSA-2395439	P06239
R-HSA-2395801	P43405,P06239
R-HSA-2396594	P62993,P43405,P06239
R-HSA-2424480	P43405,P42338,P42336,P27986,P06239
R-HSA-2424482	P43405,P42338,P42336,P27986,P06239
R-HSA-2424484	P62993,P43405,P06239
R-HSA-2424486	P62993,P43405,P06239
R-HSA-2424487	P62993,P43405,P06239
R-HSA-388814	P62993,P06239
R-HSA-388829	P12931,P06239
R-HSA-388833	P12931,P06239
R-HSA-389348	P62993,P06239
R-HSA-389352	P62993,P06239
R-HSA-389354	P62993,P06239
R-HSA-389758	P06239
R-HSA-389759	P06239
R-HSA-389762	P06239
R-HSA-434836	P43405,P06239
R-HSA-8855381	P43403,P06239
R-HSA-112342	P06493
R-HSA-5692755	P06493
R-HSA-6800434	Q16769,P62937,P55072,P28482,P25774,P14780,P09960,P09917,P09211,P08238,P07900,P07858,P07384
R-HSA-3132753	P07477
R-HSA-5693319	P07477
R-HSA-390674	P08588,P07550
R-HSA-9609310	P08588,P07550
R-HSA-9611851	P08588,P07550
R-HSA-9611852	P08588,P07550
R-HSA-2130349	P43235,P25774,P07858,P07711
R-HSA-2130504	P43235,P25774,P07858,P07711
R-HSA-2130706	P43235,P25774,P07858,P07711
R-HSA-1497784	P31749,P07900
R-HSA-1497796	P31749,P07900
R-HSA-1497810	P31749,P07900
R-HSA-202111	P31749,P07900
R-HSA-202127	P31749,P07900
R-HSA-202129	P07900
R-HSA-202137	P31749,P07900
R-HSA-202144	P07900
R-HSA-419644	P08238,P07900
R-HSA-419645	P08238,P07900
R-HSA-6790041	P40763,P31749,P27986,P07900
R-HSA-6798748	Q13464,P62937,P55072,P09917,P09211,P08238,P07900
R-HSA-9626235	P08238,P07900
R-HSA-9626253	P08238,P07900
R-HSA-9626256	P08238,P07900
R-HSA-9626276	P08238,P07900
R-HSA-390673	P08172
R-HSA-1306876	P08238
R-HSA-873951	P08238
R-HSA-874087	P08238
R-HSA-6798749	Q16769,P22894,P08246
R-HSA-6813659	P08246
R-HSA-1604731	P08254
R-HSA-6798743	P25105,P25025,P25024,P21462,P15144,P08473
R-HSA-354066	P12931,P08514
R-HSA-354073	P12931,P08514
R-HSA-354087	P62993,P12931,P08514
R-HSA-354124	P12931,P08514
R-HSA-354165	P62993,P12931,P08514
R-HSA-372693	P12931,P08514
R-HSA-372697	P12931,P08514
R-HSA-372705	P12931,P08514
R-HSA-377643	P18031,P12931,P08514
R-HSA-429415	P43405,P12931,P08514
R-HSA-429441	P43405,P12931,P08514
R-HSA-432096	P12931,P08514
R-HSA-443905	P12931,P08514
R-HSA-443910	P12931,P08514
R-HSA-5672972	P28482,P15056,P12931,P08514
R-HSA-5672973	P28482,P15056,P12931,P08514
R-HSA-5672978	P28482,P15056,P12931,P08514
R-HSA-5672980	P28482,P15056,P12931,P08514
R-HSA-6802910	P28482,P15056,P12931,P08514
R-HSA-6802911	P28482,P15056,P12931,P08514
R-HSA-6802912	P28482,P15056,P12931,P08514
R-HSA-6802914	P28482,P15056,P12931,P08514
R-HSA-6802918	P28482,P15056,P12931,P08514
R-HSA-6802919	P28482,P15056,P12931,P08514
R-HSA-6802921	P28482,P15056,P12931,P08514
R-HSA-6802922	P28482,P15056,P12931,P08514
R-HSA-6802925	P28482,P15056,P12931,P08514
R-HSA-6802926	P28482,P15056,P12931,P08514
R-HSA-6802942	P28482,P15056,P12931,P08514
R-HSA-6802943	P28482,P15056,P12931,P08514
R-HSA-6803227	P28482,P15056,P12931,P08514
R-HSA-6803230	P28482,P15056,P12931,P08514
R-HSA-6803233	P28482,P15056,P12931,P08514
R-HSA-6803234	P28482,P15056,P12931,P08514
R-HSA-6807008	P08581
R-HSA-6807027	P18031,P17706,P08581
R-HSA-8851908	P08581
R-HSA-8851919	P62993,P08581
R-HSA-8851933	P62993,P08581
R-HSA-8851954	P62993,P42336,P27986,P08581
R-HSA-8852019	P62993,P42336,P27986,P08581
R-HSA-8865994	P62993,P08581
R-HSA-8874078	P08581
R-HSA-8874079	P08581
R-HSA-8874080	P12931,P08581
R-HSA-8874082	P12931,P08581
R-HSA-8874083	P12931,P08581
R-HSA-8874685	P62993,P08581
R-HSA-8875183	P62993,P08581
R-HSA-8875374	P08581
R-HSA-8875431	P08581
R-HSA-8875443	P08581
R-HSA-8875451	P62993,P08581
R-HSA-8875482	P62993,P08581
R-HSA-8875490	P62993,P08581
R-HSA-1606839	P08842
R-HSA-1614362	P08842
R-HSA-390929	P30939,P28221,P08908
R-HSA-390649	P20309,P11229,P08912
R-HSA-749446	P08913
R-HSA-749453	P08913
R-HSA-751024	P08913
R-HSA-109699	P62993,P42338,P42336,P36888,P27986,P11362,P09038
R-HSA-190256	P11362,P09038
R-HSA-190260	P09038
R-HSA-5654392	P62993,P11362,P09038
R-HSA-5654402	P62993,P09038
R-HSA-5654404	P09038
R-HSA-5654406	P62993,P09038
R-HSA-5654407	P09038
R-HSA-5654413	P62993,P09038
R-HSA-5654416	P62993,P09038
R-HSA-5654423	P62993,P09038
R-HSA-5654425	P09038
R-HSA-5654426	P62993,P09038
R-HSA-5654428	P09038
R-HSA-5654571	P11362,P09038
R-HSA-5654573	P11362,P09038
R-HSA-5654578	P11362,P09038
R-HSA-5654582	P11362,P09038
R-HSA-5654584	P11362,P09038
R-HSA-5654586	P62993,P11362,P09038
R-HSA-5654587	P11362,P09038
R-HSA-5654597	P62993,P11362,P09038
R-HSA-5654600	P62993,P11362,P09038
R-HSA-5654603	P09038
R-HSA-5654605	P09038
R-HSA-5654607	P09038
R-HSA-5654608	P09038
R-HSA-5654615	P62993,P09038
R-HSA-5654618	P62993,P09038
R-HSA-5654623	P09038
R-HSA-5654628	P09038
R-HSA-5654631	P09038
R-HSA-5654633	P09038
R-HSA-5654651	P09038
R-HSA-5654653	P09038
R-HSA-5654655	P09038
R-HSA-5654658	P09038
R-HSA-5654663	P62993,P09038
R-HSA-5654664	P62993,P09038
R-HSA-5654672	P62993,P11362,P09038
R-HSA-5654673	P62993,P11362,P09038
R-HSA-5654677	P62993,P09038
R-HSA-5654679	P62993,P09038
R-HSA-5654684	P62993,P09038
R-HSA-5654729	P62993,P09038
R-HSA-5654730	P62993,P09038
R-HSA-5654734	P62993,P09038
R-HSA-5655233	P62993,P09038
R-HSA-5655241	P62993,P09038
R-HSA-5655277	P62993,P09038
R-HSA-5655295	P62993,P09038
R-HSA-5656070	P09038
R-HSA-8941613	P09038
R-HSA-8941618	P09038
R-HSA-8941623	P11362,P09038
R-HSA-8941628	P09038
R-HSA-176054	P09211
R-HSA-3343700	P09211
R-HSA-70479	P09467
R-HSA-2187325	P09874
R-HSA-2187330	P09874
R-HSA-2161768	P20292,P09917
R-HSA-2161907	P20292,P09917
R-HSA-2161917	P20292,P09917
R-HSA-265296	P20292,P09917
R-HSA-266050	P20292,P09917
R-HSA-266051	P20292,P09917
R-HSA-429016	P49137,P09917
R-HSA-6797293	P09917
R-HSA-6798745	Q16769,P25774,P22894,P14780,P09960
R-HSA-5625717	P10275
R-HSA-5625738	P10275
R-HSA-5625745	P10275
R-HSA-5625774	P10275
R-HSA-5625784	P10275
R-HSA-5625796	P10275
R-HSA-5625797	P10275
R-HSA-5625883	P10275
R-HSA-6790025	Q07817,P40763,P10415
R-HSA-879201	Q07817,P10415
R-HSA-9623999	P10415
R-HSA-1433410	P10721
R-HSA-1433423	P10721
R-HSA-1433471	P62993,P10721
R-HSA-1433501	P10721
R-HSA-1433508	P17252,P10721
R-HSA-1470011	P10721
R-HSA-1562640	P10721
R-HSA-205286	P62993,P10721
R-HSA-205289	P17252,P10721
R-HSA-205306	P10721
R-HSA-6790036	Q16665,P51449,P40763,P11309
R-HSA-5654514	P11362
R-HSA-75822	P11802
R-HSA-8848414	P24941,P11802
R-HSA-8848436	P24941,P11802
R-HSA-170991	P12931
R-HSA-171011	P12931
R-HSA-2029459	P12931
R-HSA-5666104	P12931
R-HSA-9037040	P12931
R-HSA-198941	P13612
R-HSA-199032	P26010,P13612
R-HSA-2464803	P14061
R-HSA-1433374	P14780
R-HSA-1602454	P14780
R-HSA-170965	P15056
R-HSA-5672950	P15056
R-HSA-5672966	P15056
R-HSA-5674130	P28482,P15056
R-HSA-5674132	P28482,P15056
R-HSA-5674140	P15056
R-HSA-5675433	P15056
R-HSA-6802908	P15056
R-HSA-6802915	P15056
R-HSA-6802937	P15056
R-HSA-6803240	P15056
R-HSA-8936676	P15056
R-HSA-8936731	P15056
R-HSA-9610152	P28482,P15056
R-HSA-9610153	P28482,P15056
R-HSA-9610154	P28482,P15056
R-HSA-9610156	P28482,P15056
R-HSA-9610163	P15056
R-HSA-163402	P15090
R-HSA-163432	P15090
R-HSA-163549	P15090
R-HSA-163551	P15090
R-HSA-5334794	P15090
R-HSA-196060	P15121
R-HSA-5652172	P15121
R-HSA-5218805	Q05655,P17252
R-HSA-5218813	Q05655,P17252
R-HSA-74615	P17252
R-HSA-8934446	Q05655,P17252
R-HSA-9626817	Q13526,Q05655,P17252
R-HSA-111919	P17612
R-HSA-163416	P17612
R-HSA-163418	P17612
R-HSA-177275	P17612
R-HSA-177284	Q07343,P17612
R-HSA-180073	P17612
R-HSA-381644	P17612
R-HSA-381707	P17612
R-HSA-381713	P17612
R-HSA-5610717	P17612
R-HSA-5610720	P17612
R-HSA-5610741	P17612
R-HSA-5624473	P17612
R-HSA-5687088	P17612
R-HSA-997326	P17706
R-HSA-9008894	P17706
R-HSA-8849428	P18031
R-HSA-8849435	P18031
R-HSA-997311	P18031
R-HSA-469659	P31213,P18405
R-HSA-5357845	P98170,P19438
R-HSA-5357860	P98170,P19438
R-HSA-5357928	P98170,P19438
R-HSA-5626953	P19438
R-HSA-5669097	P19438
R-HSA-5693055	P98170,P19438
R-HSA-5693108	P98170,P19438
R-HSA-6785047	P19438
R-HSA-1592238	Q92793,P19793
R-HSA-1801587	Q92793,P19793
R-HSA-1989745	Q92793,P19793
R-HSA-1989746	Q96RI1,Q92793,P19793
R-HSA-1989747	Q92793,P19793
R-HSA-1989748	Q92793,P19793
R-HSA-1989749	Q92793,P19793
R-HSA-1989750	Q92793,P19793
R-HSA-1989751	Q92793,P19793
R-HSA-1989752	Q92793,P19793
R-HSA-1989753	Q92793,P19793
R-HSA-1989754	Q92793,P19793
R-HSA-1989755	Q92793,P19793
R-HSA-1989756	Q92793,P19793
R-HSA-1989757	Q92793,P19793
R-HSA-1989758	Q92793,P19793
R-HSA-1989759	Q92793,P19793
R-HSA-1989760	Q92793,P19793
R-HSA-1989761	Q92793,P19793
R-HSA-1989762	Q92793,P19793
R-HSA-1989767	Q92793,P19793
R-HSA-1989768	Q92793,P19793
R-HSA-1989770	Q92793,P19793
R-HSA-1989771	Q92793,P19793
R-HSA-1989772	Q92793,P19793
R-HSA-1989773	Q92793,P19793
R-HSA-1989774	Q92793,P19793
R-HSA-1989775	Q92793,P19793
R-HSA-1989776	Q92793,P19793
R-HSA-1989777	Q92793,P19793
R-HSA-1989778	Q92793,P19793
R-HSA-1989779	Q92793,P19793
R-HSA-203946	Q03181,P19793
R-HSA-381262	P37231,P19793
R-HSA-560473	Q92793,P37231,P19793
R-HSA-560517	Q92793,P37231,P19793
R-HSA-879724	Q92793,P19793
R-HSA-9029517	Q13133,P55055,P19793
R-HSA-9029521	Q13133,P55055,P19793
R-HSA-9029551	Q13133,P55055,P19793
R-HSA-9029555	Q13133,P55055,P19793
R-HSA-9029561	Q13133,P55055,P19793
R-HSA-9029566	Q13133,P55055,P19793
R-HSA-9029580	Q13133,P55055,P19793
R-HSA-9031518	Q13133,P55055,P19793
R-HSA-9031521	Q13133,P55055,P19793
R-HSA-9031522	Q13133,P55055,P19793
R-HSA-9035133	Q13133,P55055,P19793
R-HSA-9035143	Q13133,P55055,P19793
R-HSA-9035167	Q13133,P55055,P19793
R-HSA-9035185	Q13133,P55055,P19793
R-HSA-9035281	Q13133,P55055,P19793
R-HSA-9605057	Q13133,P55055,P19793
R-HSA-9608039	Q13133,P55055,P19793
R-HSA-9618394	Q13133,P55055,P19793
R-HSA-9618407	Q13133,P55055,P19793
R-HSA-9619756	P55055,P19793
R-HSA-9623366	Q13133,P55055,P19793
R-HSA-9624353	Q13133,P55055,P19793
R-HSA-9631296	Q13133,P55055,P19793
R-HSA-9657786	Q13133,P55055,P19793
R-HSA-9657836	Q13133,P55055,P19793
R-HSA-400012	P20309
R-HSA-199050	P20701
R-HSA-141186	P21397
R-HSA-374909	P21397
R-HSA-379382	P21397
R-HSA-379395	P21397
R-HSA-5603108	P21397
R-HSA-6797271	P21397
R-HSA-6790022	P40763,P21453
R-HSA-6798739	P49768,P42785,P21462
R-HSA-6800426	P42785,P25090,P21462
R-HSA-8937654	P51681,P41597,P32246,P25105,P21462
R-HSA-391939	P21731
R-HSA-428909	P21731
R-HSA-428917	P21731
R-HSA-428918	P21731
R-HSA-751019	P35348,P25100,P21731
R-HSA-751027	P35348,P25100,P21731
R-HSA-751029	P35348,P25100,P21731
R-HSA-372519	P22303
R-HSA-373791	P25024
R-HSA-373813	P25025
R-HSA-1031716	P25105
R-HSA-111962	Q08499,P27815
R-HSA-114542	P42336,P27986
R-HSA-1250353	P42336,P27986
R-HSA-1250370	P42336,P27986
R-HSA-1295516	P27986
R-HSA-2029271	P43405,P42338,P42336,P27986
R-HSA-2029273	P43405,P42338,P42336,P27986
R-HSA-2730842	P62993,P42338,P42336,P27986
R-HSA-2730870	P62993,P42338,P42336,P27986
R-HSA-437162	P48736,P42338,P42336,P27986
R-HSA-8983003	P27986
R-HSA-9028505	P62993,P42336,P27986
R-HSA-9028519	P62993,P42336,P27986
R-HSA-9607224	P62993,P36888,P27986
R-HSA-109822	P62993,P28482
R-HSA-198746	P28482
R-HSA-198756	P28482
R-HSA-199959	P28482
R-HSA-203797	P28482
R-HSA-5674366	P28482
R-HSA-5674373	P28482
R-HSA-5674387	P28482
R-HSA-5675206	P28482
R-HSA-6811454	P28482
R-HSA-6811472	P28482
R-HSA-9626832	P28482
R-HSA-9632873	P28482
R-HSA-194023	P28845
R-HSA-8938076	P28907
R-HSA-622420	P29466
R-HSA-844617	P29466
R-HSA-844618	P29466
R-HSA-9012542	P29466
R-HSA-9012556	P29466
R-HSA-9012689	P29466
R-HSA-2534087	P30419
R-HSA-1358791	P31749
R-HSA-199298	P31749
R-HSA-2399996	P31749
R-HSA-3769394	P31749
R-HSA-389756	P31749
R-HSA-390329	P31749
R-HSA-8848751	P31749
R-HSA-8848758	P31749
R-HSA-8948757	P31749
R-HSA-9604328	P31749
R-HSA-9624526	P31749
R-HSA-373073	P41597,P32246
R-HSA-390912	P35367
R-HSA-112042	P35372
R-HSA-112271	P35372
R-HSA-167408	P35372
R-HSA-167419	P35372
R-HSA-167427	P35372
R-HSA-167429	P35372
R-HSA-6793958	P41143,P35372
R-HSA-390846	P35462
R-HSA-9604471	P35916
R-HSA-6786789	P36888
R-HSA-8854736	P36888
R-HSA-9604738	P62993,P36888
R-HSA-9604767	P36888
R-HSA-9604969	P36888
R-HSA-9606622	P62993,P36888
R-HSA-9606624	P62993,P36888
R-HSA-9606784	P62993,P36888
R-HSA-193064	P37058
R-HSA-380782	P40763
R-HSA-6784006	P40763
R-HSA-6784323	P40763
R-HSA-6784791	P40763
R-HSA-6789960	P40763
R-HSA-6790038	P40763
R-HSA-6797245	P40763
R-HSA-8848087	P40763
R-HSA-8848124	P40763
R-HSA-8950724	P40763
R-HSA-8950780	P40763
R-HSA-8982162	P40763
R-HSA-8982163	P40763
R-HSA-8982165	P40763
R-HSA-8983059	P40763
R-HSA-8983077	P40763
R-HSA-8983078	P40763
R-HSA-8986985	P40763
R-HSA-8987014	P40763
R-HSA-8987033	P40763
R-HSA-8987063	P40763
R-HSA-8987070	P40763
R-HSA-8987080	P40763
R-HSA-8987096	P40763
R-HSA-8987097	P40763
R-HSA-8987150	P40763
R-HSA-8987161	P40763
R-HSA-8987230	P40763
R-HSA-8987236	P40763
R-HSA-8987255	P40763
R-HSA-8987266	P40763
R-HSA-8987270	P40763
R-HSA-9009072	P40763
R-HSA-373075	Q14832,Q14416,Q13255,P41594
R-HSA-390930	P41595
R-HSA-1973968	P41597
R-HSA-8862733	P51677,P41597
R-HSA-2028692	P42574
R-HSA-2028697	P42574
R-HSA-211219	P42574
R-HSA-351871	P42574
R-HSA-351913	P42574
R-HSA-1112666	P62993,P43405
R-HSA-2029268	P43405
R-HSA-2029270	P43405
R-HSA-2029272	P43405
R-HSA-2029451	P43405
R-HSA-2029453	P43405
R-HSA-2029458	P43405
R-HSA-2029467	P43405
R-HSA-2197697	P43405
R-HSA-2730833	P62993,P43405
R-HSA-2730860	P62993,P43405
R-HSA-2730884	P43405
R-HSA-2730888	P62993,P43405
R-HSA-5621347	P43405
R-HSA-5621356	P43405
R-HSA-5621363	P43405
R-HSA-5621366	P43405
R-HSA-5621370	P43405
R-HSA-9606151	P62993,P43405
R-HSA-9606159	P62993,P43405
R-HSA-9606162	P62993,P43405
R-HSA-9606163	P62993,P43405
R-HSA-983700	P43405
R-HSA-983703	P62993,P43405
R-HSA-983707	P43405
R-HSA-205075	P45983
R-HSA-205132	P45983
R-HSA-74247	P47989
R-HSA-74258	P47989
R-HSA-201685	P49841,P48729
R-HSA-2130279	P49841,P48729
R-HSA-2130282	P49841,P48729
R-HSA-2130286	P49841,P48729
R-HSA-5632670	P48729
R-HSA-5632671	P48729
R-HSA-5632672	P48729
R-HSA-5632674	P48729
R-HSA-5633040	P48729
R-HSA-392295	P48736
R-HSA-392300	P48736
R-HSA-450333	P49137
R-HSA-163756	P49327
R-HSA-1655843	P49327
R-HSA-75872	P49327
R-HSA-2530501	P49356
R-HSA-1251997	P49768
R-HSA-157353	P49768
R-HSA-157640	P49768
R-HSA-1980109	P49768
R-HSA-1980112	P49768
R-HSA-2220988	P49768
R-HSA-2974731	P49768
R-HSA-9013361	P49768
R-HSA-9017817	P49768
R-HSA-1504186	P49841
R-HSA-201677	P49841
R-HSA-201691	P49841
R-HSA-5368596	P49841
R-HSA-5610730	P49841
R-HSA-5610732	P49841
R-HSA-390931	Q13639,P50406
R-HSA-2534096	P50579
R-HSA-373061	P51681,P51677
R-HSA-192036	P52895
R-HSA-192160	P52895
R-HSA-193758	P52895
R-HSA-193781	P52895
R-HSA-193800	P52895
R-HSA-193841	P52895
R-HSA-141409	Q96GD4,P53350
R-HSA-141422	Q96GD4,P53350
R-HSA-141431	Q96GD4,P53350
R-HSA-141439	Q96GD4,P53350
R-HSA-156682	P53350
R-HSA-3002798	P53350
R-HSA-375302	Q96GD4,P53350
R-HSA-5666129	Q96GD4,P53350
R-HSA-5666160	Q96GD4,P53350
R-HSA-5666169	Q96GD4,P53350
R-HSA-5362412	P55072
R-HSA-5362441	P55072
R-HSA-5362459	P55072
R-HSA-5387386	P55072
R-HSA-5387389	P55072
R-HSA-5483238	P55072
R-HSA-109624	P55263
R-HSA-374214	P61073
R-HSA-8950328	P62937
R-HSA-1250380	P62993
R-HSA-1250383	P62993
R-HSA-186826	P62993
R-HSA-186834	P62993
R-HSA-2424476	P62993
R-HSA-2730837	P62993
R-HSA-2730840	P62993
R-HSA-2730847	P62993
R-HSA-2730848	P62993
R-HSA-2730856	P62993
R-HSA-2730858	P62993
R-HSA-2730885	P62993
R-HSA-2730889	P62993
R-HSA-5655347	P62993
R-HSA-5655348	P62993
R-HSA-5685366	P62993
R-HSA-5686071	P62993
R-HSA-8853307	P62993
R-HSA-8853314	P62993
R-HSA-9026891	P62993
R-HSA-9028328	P62993
R-HSA-9032067	P62993
R-HSA-9032073	P62993
R-HSA-8850945	P68400
R-HSA-8873929	P68400
R-HSA-1168777	P78536
R-HSA-1251992	P78536
R-HSA-5362793	P78536
R-HSA-3322429	P98170
R-HSA-3322431	P98170
R-HSA-3322434	P98170
R-HSA-6807106	P98170
R-HSA-6807134	P98170
R-HSA-111955	Q01064
R-HSA-111956	Q01064
R-HSA-9644869	Q07343
R-HSA-1655845	Q13085
R-HSA-200555	Q13085
R-HSA-3065958	Q13085
R-HSA-9626816	Q13526
R-HSA-1227671	Q13547
R-HSA-2106586	Q13547
R-HSA-5229348	Q13547
R-HSA-8943780	Q92769,Q13547
R-HSA-9009065	Q13547
R-HSA-400046	Q13936
R-HSA-8863013	Q15078
R-HSA-8863587	Q15078
R-HSA-9032841	Q15078
R-HSA-9032854	Q15078
R-HSA-9032863	Q15078
R-HSA-1912396	Q16665
R-HSA-8848812	Q16665
R-HSA-1028812	Q92793
R-HSA-1028815	Q92793
R-HSA-1028817	Q92793
R-HSA-1028819	Q92793
R-HSA-1028820	Q92793
R-HSA-1912391	Q92793
R-HSA-1912393	Q92793
R-HSA-1912415	Q92793
R-HSA-1912416	Q92793
R-HSA-1980067	Q92793
R-HSA-212356	Q92793
R-HSA-2220957	Q92793
R-HSA-2220971	Q92793
R-HSA-2220985	Q92793
R-HSA-3322427	Q92793
R-HSA-5660660	Q92793
R-HSA-5660666	Q92793
R-HSA-6797993	Q92793
R-HSA-8938228	Q92793
R-HSA-8938231	Q92793
R-HSA-9016751	Q92793
R-HSA-9021450	Q92793
R-HSA-933536	Q92793
R-HSA-9604499	Q92793
R-HSA-9604664	Q92793
R-HSA-9622572	Q92793
R-HSA-390886	Q9Y5N1
R-HSA-933541	R-HSA-9604499,R-HSA-933536,R-HSA-1028820,R-HSA-1028819,R-HSA-1028817,R-HSA-1028815,R-HSA-1028812
R-HSA-877300	R-HSA-997326,R-HSA-909552,R-HSA-877308,R-HSA-877269,R-HSA-873927,R-HSA-873926,R-HSA-873924,R-HSA-873922,R-HSA-873921,R-HSA-873919,R-HSA-873918,R-HSA-1031716
R-HSA-8956321	R-HSA-109624
R-HSA-109704	R-HSA-9607224,R-HSA-9606784,R-HSA-9606624,R-HSA-9606622,R-HSA-9604969,R-HSA-9604767,R-HSA-9604738,R-HSA-8854736,R-HSA-6786789,R-HSA-109699
R-HSA-2871796	R-HSA-2730889,R-HSA-2730856,R-HSA-2730840,R-HSA-168136,R-HSA-109822
R-HSA-112409	R-HSA-5675206,R-HSA-5674387,R-HSA-112342,R-HSA-109858,R-HSA-109857
R-HSA-6783589	R-HSA-6784204,R-HSA-6784189,R-HSA-6783681,R-HSA-6783556,R-HSA-6783552,R-HSA-6783530,R-HSA-6783524,R-HSA-5696482,R-HSA-449976,R-HSA-1112755,R-HSA-1112727,R-HSA-1112690,R-HSA-1112604,R-HSA-1112602,R-HSA-1112565
R-HSA-983695	R-HSA-983707,R-HSA-983703,R-HSA-983700,R-HSA-9606163,R-HSA-9606162,R-HSA-9606159,R-HSA-9606151,R-HSA-1112666
R-HSA-111933	R-HSA-111970,R-HSA-111966,R-HSA-111956,R-HSA-111955,R-HSA-111919
R-HSA-180024	R-HSA-9644869,R-HSA-180073,R-HSA-177284,R-HSA-177275,R-HSA-111962
R-HSA-202040	R-HSA-167429,R-HSA-167427,R-HSA-167419,R-HSA-167408,R-HSA-112271,R-HSA-112042
R-HSA-6811558	R-HSA-9633044,R-HSA-9038029,R-HSA-9027670,R-HSA-9021660,R-HSA-9021609,R-HSA-9021170,R-HSA-8939201,R-HSA-8865994,R-HSA-8857925,R-HSA-8852019,R-HSA-8851954,R-HSA-8851933,R-HSA-8851919,R-HSA-8851908,R-HSA-6811472,R-HSA-6811454,R-HSA-389354,R-HSA-389352,R-HSA-389348,R-HSA-388814,R-HSA-2400009,R-HSA-2316434,R-HSA-177944,R-HSA-177941,R-HSA-177939,R-HSA-177937,R-HSA-177935,R-HSA-177930,R-HSA-177927,R-HSA-177924,R-HSA-1306979,R-HSA-1306965,R-HSA-1306963,R-HSA-1306957,R-HSA-1250462,R-HSA-1250370,R-HSA-1250353,R-HSA-1250346,R-HSA-1250189,R-HSA-114542
R-HSA-418597	R-HSA-8982709,R-HSA-8982703,R-HSA-751040,R-HSA-751024,R-HSA-749453,R-HSA-749446,R-HSA-114553
R-HSA-982772	R-HSA-982810,R-HSA-982807,R-HSA-982792,R-HSA-982778,R-HSA-982775,R-HSA-982768,R-HSA-1675473,R-HSA-1671691,R-HSA-1671687,R-HSA-1370505,R-HSA-1369080,R-HSA-1364044,R-HSA-1364043,R-HSA-1302698,R-HSA-1169210,R-HSA-1169192,R-HSA-1169188,R-HSA-1168894,R-HSA-1168839,R-HSA-1168813,R-HSA-1168809,R-HSA-1168777,R-HSA-1168768,R-HSA-1168767,R-HSA-1168459,R-HSA-1168456,R-HSA-1168445,R-HSA-1168423,R-HSA-1168394,R-HSA-1168393
R-HSA-1169091	R-HSA-1168638
R-HSA-8863795	R-HSA-8864125,R-HSA-8864105,R-HSA-5638137,R-HSA-1963589,R-HSA-1963563,R-HSA-1918095,R-HSA-1918092,R-HSA-1358798,R-HSA-1358792,R-HSA-1358791,R-HSA-1248655,R-HSA-1248002,R-HSA-1247999,R-HSA-1220614,R-HSA-1220613,R-HSA-1220612,R-HSA-1220611,R-HSA-1220610,R-HSA-1218833,R-HSA-1169421
R-HSA-2173796	R-HSA-2106586,R-HSA-1227671
R-HSA-1250196	R-HSA-8934446,R-HSA-2179415,R-HSA-2179407,R-HSA-1963578,R-HSA-1306972,R-HSA-1306969,R-HSA-1250498,R-HSA-1250488,R-HSA-1250486,R-HSA-1250463,R-HSA-1250383,R-HSA-1250380,R-HSA-1250195
R-HSA-1251985	R-HSA-1251997,R-HSA-1251992
R-HSA-1266695	R-HSA-8983078,R-HSA-8983077,R-HSA-8983059,R-HSA-8983003,R-HSA-1295516
R-HSA-622312	R-HSA-879201,R-HSA-874087,R-HSA-873951,R-HSA-844618,R-HSA-844617,R-HSA-844612,R-HSA-844610,R-HSA-844440,R-HSA-1306876,R-HSA-1296421
R-HSA-1989781	R-HSA-9657836,R-HSA-9657786,R-HSA-9631296,R-HSA-9624353,R-HSA-9623366,R-HSA-9622572,R-HSA-9619756,R-HSA-9618407,R-HSA-9618394,R-HSA-9608039,R-HSA-9605057,R-HSA-9035281,R-HSA-9035185,R-HSA-9035167,R-HSA-9035143,R-HSA-9035133,R-HSA-9031522,R-HSA-9031521,R-HSA-9031518,R-HSA-9029580,R-HSA-9029566,R-HSA-9029561,R-HSA-9029555,R-HSA-9029551,R-HSA-9029521,R-HSA-9029517,R-HSA-9024334,R-HSA-9024326,R-HSA-879724,R-HSA-5663271,R-HSA-5663265,R-HSA-5663258,R-HSA-5663252,R-HSA-5663245,R-HSA-560517,R-HSA-560473,R-HSA-381290,R-HSA-381262,R-HSA-1989779,R-HSA-1989778,R-HSA-1989777,R-HSA-1989776,R-HSA-1989775,R-HSA-1989774,R-HSA-1989773,R-HSA-1989772,R-HSA-1989771,R-HSA-1989770,R-HSA-1989768,R-HSA-1989767,R-HSA-1989765,R-HSA-1989764,R-HSA-1989762,R-HSA-1989761,R-HSA-1989760,R-HSA-1989759,R-HSA-1989758,R-HSA-1989757,R-HSA-1989756,R-HSA-1989755,R-HSA-1989754,R-HSA-1989753,R-HSA-1989752,R-HSA-1989751,R-HSA-1989750,R-HSA-1989749,R-HSA-1989748,R-HSA-1989747,R-HSA-1989746,R-HSA-1989745,R-HSA-1801587,R-HSA-1592238,R-HSA-1368069,R-HSA-1368065
R-HSA-6785807	R-HSA-8950737,R-HSA-6797293,R-HSA-6797271,R-HSA-6797245,R-HSA-6793958,R-HSA-6790041,R-HSA-6790038,R-HSA-6790036,R-HSA-6790025,R-HSA-6790022,R-HSA-6789960,R-HSA-6789615,R-HSA-6788628,R-HSA-6788582,R-HSA-6788571,R-HSA-6786124,R-HSA-6786114,R-HSA-6786110,R-HSA-6786101,R-HSA-6786096,R-HSA-6786095,R-HSA-6786092,R-HSA-6786072,R-HSA-6786070,R-HSA-6786058,R-HSA-6786050,R-HSA-6785898,R-HSA-6785821,R-HSA-5603108,R-HSA-379395,R-HSA-379382,R-HSA-374909,R-HSA-1604731,R-HSA-1602473,R-HSA-1602454,R-HSA-141186
R-HSA-5663220	R-HSA-5666169,R-HSA-5666160,R-HSA-5666129,R-HSA-5666104,R-HSA-375302,R-HSA-3002798,R-HSA-156682,R-HSA-141439,R-HSA-141431,R-HSA-141422,R-HSA-141409
R-HSA-1433557	R-HSA-205328,R-HSA-205319,R-HSA-205306,R-HSA-205289,R-HSA-205286,R-HSA-205244,R-HSA-205238,R-HSA-205234,R-HSA-205205,R-HSA-1562641,R-HSA-1562640,R-HSA-1472121,R-HSA-1470012,R-HSA-1470011,R-HSA-1470010,R-HSA-1470009,R-HSA-1433542,R-HSA-1433514,R-HSA-1433508,R-HSA-1433506,R-HSA-1433501,R-HSA-1433488,R-HSA-1433471,R-HSA-1433456,R-HSA-1433454,R-HSA-1433451,R-HSA-1433428,R-HSA-1433423,R-HSA-1433418,R-HSA-1433410,R-HSA-1433374
R-HSA-5218920	R-HSA-202144,R-HSA-202137,R-HSA-202129,R-HSA-202127,R-HSA-202111,R-HSA-1497810,R-HSA-1497796,R-HSA-1497784
R-HSA-4641262	R-HSA-5368596,R-HSA-201691,R-HSA-201685,R-HSA-201677,R-HSA-1504186
R-HSA-2122948	R-HSA-2730752,R-HSA-2666278,R-HSA-2220988,R-HSA-2220976,R-HSA-2220944,R-HSA-1980112,R-HSA-1980109,R-HSA-157632,R-HSA-157353
R-HSA-2979096	R-HSA-2974731,R-HSA-157640,R-HSA-157629
R-HSA-6798695	R-HSA-9626276,R-HSA-9626256,R-HSA-9626253,R-HSA-9626235,R-HSA-6813659,R-HSA-6800434,R-HSA-6800426,R-HSA-6799350,R-HSA-6798751,R-HSA-6798749,R-HSA-6798748,R-HSA-6798747,R-HSA-6798745,R-HSA-6798743,R-HSA-6798739,R-HSA-5693807,R-HSA-3343700,R-HSA-158959
R-HSA-977606	R-HSA-9603302,R-HSA-9015379,R-HSA-8852716,R-HSA-159843
R-HSA-1660662	R-HSA-1614362,R-HSA-1606839,R-HSA-1605591
R-HSA-163560	R-HSA-5334794,R-HSA-163551,R-HSA-163549,R-HSA-163432,R-HSA-163418,R-HSA-163416,R-HSA-163402
R-HSA-2426168	R-HSA-75872,R-HSA-3065958,R-HSA-200555,R-HSA-1655845,R-HSA-1655843,R-HSA-163756
R-HSA-1660499	R-HSA-437162,R-HSA-1676109,R-HSA-1676048
R-HSA-1606322	R-HSA-9014343,R-HSA-168910
R-HSA-5674135	R-HSA-9610163,R-HSA-9610156,R-HSA-9610154,R-HSA-9610153,R-HSA-9610152,R-HSA-6803234,R-HSA-6803233,R-HSA-6803230,R-HSA-6803227,R-HSA-6802943,R-HSA-6802942,R-HSA-6802926,R-HSA-6802925,R-HSA-6802922,R-HSA-6802921,R-HSA-6802919,R-HSA-6802918,R-HSA-6802914,R-HSA-6802912,R-HSA-6802911,R-HSA-6802910,R-HSA-5674373,R-HSA-5674366,R-HSA-5674132,R-HSA-5674130,R-HSA-5672980,R-HSA-5672978,R-HSA-5672973,R-HSA-5672972,R-HSA-170965
R-HSA-167044	R-HSA-5686071,R-HSA-5685366,R-HSA-171011,R-HSA-170991
R-HSA-156590	R-HSA-176054
R-HSA-182971	R-HSA-8951490,R-HSA-8867047,R-HSA-8867044,R-HSA-8867041,R-HSA-183089,R-HSA-183084,R-HSA-183072,R-HSA-183067,R-HSA-183058,R-HSA-183055,R-HSA-183051,R-HSA-183036,R-HSA-183002,R-HSA-182994,R-HSA-182993,R-HSA-182990,R-HSA-182986,R-HSA-182969
R-HSA-186763	R-HSA-380782,R-HSA-186834,R-HSA-186826
R-HSA-5654726	R-HSA-5654673,R-HSA-5654672,R-HSA-5654514,R-HSA-190256
R-HSA-190241	R-HSA-5656070,R-HSA-190260
R-HSA-2122947	R-HSA-350058,R-HSA-2220985,R-HSA-2220982,R-HSA-2220971,R-HSA-2220957,R-HSA-1980067,R-HSA-1912396,R-HSA-1912393,R-HSA-1912391,R-HSA-1912388
R-HSA-1912408	R-HSA-6797993,R-HSA-212356,R-HSA-1912416,R-HSA-1912415
R-HSA-193368	R-HSA-193841,R-HSA-193800,R-HSA-193781,R-HSA-193758,R-HSA-192160,R-HSA-192036
R-HSA-196071	R-HSA-5652172,R-HSA-469659,R-HSA-196060,R-HSA-194023,R-HSA-193064
R-HSA-1461957	R-HSA-1973968
R-HSA-198753	R-HSA-203797,R-HSA-199959,R-HSA-198756,R-HSA-198746
R-HSA-198933	R-HSA-199050,R-HSA-199032,R-HSA-198941
R-HSA-9634638	R-HSA-9632873,R-HSA-9625487,R-HSA-9625482,R-HSA-9625465,R-HSA-9624526,R-HSA-9623999,R-HSA-2399996,R-HSA-199298
R-HSA-202427	R-HSA-202233,R-HSA-202214
R-HSA-202433	R-HSA-202248,R-HSA-202245,R-HSA-202216
R-HSA-202424	R-HSA-202459,R-HSA-202307
R-HSA-2028269	R-HSA-351913,R-HSA-351871,R-HSA-211219,R-HSA-2028697,R-HSA-2028692
R-HSA-2029485	R-HSA-2029471,R-HSA-2029273,R-HSA-2029272,R-HSA-2029271,R-HSA-2029270,R-HSA-2029268
R-HSA-2029482	R-HSA-419645,R-HSA-419644,R-HSA-2197697,R-HSA-2029467,R-HSA-2029458,R-HSA-2029453,R-HSA-2029451
R-HSA-2029481	R-HSA-2029459
R-HSA-70268	R-HSA-203946
R-HSA-193648	R-HSA-205132,R-HSA-205075
R-HSA-2424491	R-HSA-434836,R-HSA-2424487,R-HSA-2424486,R-HSA-2424484,R-HSA-2424482,R-HSA-2424480,R-HSA-2424476,R-HSA-2396594,R-HSA-2395801,R-HSA-2395439,R-HSA-2395412,R-HSA-210289
R-HSA-195253	R-HSA-5229348,R-HSA-2130286,R-HSA-2130282,R-HSA-2130279
R-HSA-2132295	R-HSA-2130706,R-HSA-2130504,R-HSA-2130349
R-HSA-2142691	R-HSA-429016,R-HSA-266051,R-HSA-266050,R-HSA-265296,R-HSA-2161917,R-HSA-2161907,R-HSA-2161768
R-HSA-2173795	R-HSA-2187330,R-HSA-2187325
R-HSA-2453902	R-HSA-2464803
R-HSA-2514859	R-HSA-74615,R-HSA-2534096,R-HSA-2534087,R-HSA-2530501
R-HSA-2871809	R-HSA-2730888,R-HSA-2730885,R-HSA-2730858,R-HSA-2730847,R-HSA-2730833
R-HSA-2730905	R-HSA-2730884,R-HSA-2730870,R-HSA-2730860,R-HSA-2730848,R-HSA-2730842,R-HSA-2730837
R-HSA-2871837	R-HSA-2730876
R-HSA-196741	R-HSA-5693319,R-HSA-3132753
R-HSA-201722	R-HSA-3322427
R-HSA-3769402	R-HSA-3769394,R-HSA-3322434,R-HSA-3322431,R-HSA-3322429
R-HSA-354192	R-HSA-443910,R-HSA-443905,R-HSA-432110,R-HSA-432096,R-HSA-429441,R-HSA-429415,R-HSA-377643,R-HSA-372705,R-HSA-372697,R-HSA-372693,R-HSA-354165,R-HSA-354124,R-HSA-354087,R-HSA-354073,R-HSA-354066
R-HSA-1483191	R-HSA-8873929,R-HSA-372519
R-HSA-380108	R-HSA-8862733,R-HSA-374214,R-HSA-373813,R-HSA-373791,R-HSA-373073,R-HSA-373061
R-HSA-420499	R-HSA-373075
R-HSA-381676	R-HSA-381713,R-HSA-381707,R-HSA-381644
R-HSA-389513	R-HSA-390329,R-HSA-388833,R-HSA-388829
R-HSA-389357	R-HSA-389756
R-HSA-389948	R-HSA-389762,R-HSA-389759,R-HSA-389758
R-HSA-375280	R-HSA-9611852,R-HSA-9611851,R-HSA-9609310,R-HSA-400012,R-HSA-390931,R-HSA-390930,R-HSA-390929,R-HSA-390912,R-HSA-390886,R-HSA-390846,R-HSA-390674,R-HSA-390673,R-HSA-390649
R-HSA-416482	R-HSA-751029,R-HSA-751027,R-HSA-751019,R-HSA-5228992,R-HSA-428918,R-HSA-428917,R-HSA-428909,R-HSA-419049,R-HSA-3928576,R-HSA-391939
R-HSA-392451	R-HSA-392300,R-HSA-392295
R-HSA-400042	R-HSA-400046
R-HSA-912526	R-HSA-913424,R-HSA-913374,R-HSA-913371,R-HSA-913370,R-HSA-912527,R-HSA-879942,R-HSA-879937,R-HSA-879934,R-HSA-879925,R-HSA-879910,R-HSA-879907,R-HSA-508247,R-HSA-453111,R-HSA-453104,R-HSA-450031
R-HSA-450302	R-HSA-450333
R-HSA-5668599	R-HSA-9626832,R-HSA-9626817,R-HSA-9626816,R-HSA-5218813,R-HSA-5218805
R-HSA-5357905	R-HSA-5693108,R-HSA-5693055,R-HSA-5626953,R-HSA-5357928,R-HSA-5357845
R-HSA-5357956	R-HSA-5357860
R-HSA-5358346	R-HSA-5483238,R-HSA-5387389,R-HSA-5387386,R-HSA-5362793,R-HSA-5362459,R-HSA-5362441,R-HSA-5362412
R-HSA-5610783	R-HSA-5610730,R-HSA-5610717
R-HSA-5610785	R-HSA-5610732,R-HSA-5610720
R-HSA-5610780	R-HSA-5610741
R-HSA-5621480	R-HSA-5621370,R-HSA-5621366,R-HSA-5621363,R-HSA-5621356,R-HSA-5621347
R-HSA-5621575	R-HSA-5660666,R-HSA-5660660,R-HSA-5624473
R-HSA-5625886	R-HSA-5625883,R-HSA-5625870,R-HSA-5625849,R-HSA-5625848,R-HSA-5625797,R-HSA-5625796,R-HSA-5625784,R-HSA-5625774,R-HSA-5625745,R-HSA-5625738,R-HSA-5625717
R-HSA-5632684	R-HSA-5633040,R-HSA-5632674,R-HSA-5632672,R-HSA-5632671,R-HSA-5632670
R-HSA-5654693	R-HSA-8941623,R-HSA-5654587,R-HSA-5654586,R-HSA-5654584,R-HSA-5654578,R-HSA-5654571,R-HSA-5654392
R-HSA-5654699	R-HSA-5654407,R-HSA-5654406,R-HSA-5654404,R-HSA-5654402
R-HSA-5654706	R-HSA-8941628,R-HSA-8853314,R-HSA-8853307,R-HSA-5655295,R-HSA-5655277,R-HSA-5654633,R-HSA-5654631,R-HSA-5654628,R-HSA-5654623,R-HSA-5654416,R-HSA-5654413
R-HSA-5654719	R-HSA-5654428,R-HSA-5654426,R-HSA-5654425,R-HSA-5654423
R-HSA-5654688	R-HSA-5654600,R-HSA-5654597,R-HSA-5654582,R-HSA-5654573
R-HSA-5654700	R-HSA-8941618,R-HSA-5655241,R-HSA-5655233,R-HSA-5654618,R-HSA-5654615,R-HSA-5654608,R-HSA-5654607,R-HSA-5654605,R-HSA-5654603
R-HSA-5654712	R-HSA-8941613,R-HSA-5655348,R-HSA-5655347,R-HSA-5654664,R-HSA-5654663,R-HSA-5654658,R-HSA-5654655,R-HSA-5654653,R-HSA-5654651
R-HSA-5654727	R-HSA-5654729,R-HSA-5654677
R-HSA-5654732	R-HSA-5654730,R-HSA-5654679
R-HSA-5654733	R-HSA-5654734,R-HSA-5654684
R-HSA-5669034	R-HSA-5669097
R-HSA-5673000	R-HSA-8936731,R-HSA-8936676,R-HSA-6803240,R-HSA-6802941,R-HSA-6802937,R-HSA-6802924,R-HSA-6802916,R-HSA-6802915,R-HSA-6802908,R-HSA-5672969,R-HSA-5672966,R-HSA-5672950
R-HSA-5675221	R-HSA-5675433,R-HSA-5674140
R-HSA-5687128	R-HSA-5692788,R-HSA-5692755,R-HSA-5687088
R-HSA-168638	R-HSA-622420
R-HSA-6783783	R-HSA-8937654,R-HSA-6785047,R-HSA-6784791,R-HSA-6784323,R-HSA-6784006
R-HSA-6807004	R-HSA-8875490,R-HSA-8875482,R-HSA-8875451,R-HSA-8875443,R-HSA-8875431,R-HSA-8875374,R-HSA-8875183,R-HSA-8874685,R-HSA-6807027,R-HSA-6807008
R-HSA-8943724	R-HSA-8944104,R-HSA-8943780,R-HSA-6807077
R-HSA-8948751	R-HSA-8948757,R-HSA-8850945,R-HSA-6807134,R-HSA-6807106
R-HSA-70263	R-HSA-70479
R-HSA-8956319	R-HSA-74258,R-HSA-74247
R-HSA-8848021	R-HSA-9634702,R-HSA-9009085,R-HSA-8857583,R-HSA-8857577,R-HSA-8857565,R-HSA-8857555,R-HSA-8857549,R-HSA-8856930,R-HSA-8849435,R-HSA-8849428,R-HSA-8848812,R-HSA-8848804,R-HSA-8848758,R-HSA-8848751,R-HSA-8848436,R-HSA-8848414,R-HSA-8848124,R-HSA-8848087,R-HSA-8848005,R-HSA-8847995,R-HSA-75822
R-HSA-912631	R-HSA-912629,R-HSA-912627,R-HSA-879917
R-HSA-202430	R-HSA-8855381
R-HSA-9006115	R-HSA-9037040,R-HSA-9032863,R-HSA-9032854,R-HSA-9032841,R-HSA-9032073,R-HSA-9032067,R-HSA-9028519,R-HSA-9028505,R-HSA-9028328,R-HSA-9026891,R-HSA-8863587,R-HSA-8863013
R-HSA-1236974	R-HSA-8863895
R-HSA-8874081	R-HSA-8874083,R-HSA-8874082,R-HSA-8874080,R-HSA-8874079,R-HSA-8874078
R-HSA-9018519	R-HSA-9038163,R-HSA-9038161,R-HSA-9038052,R-HSA-9023884,R-HSA-9023861,R-HSA-9023860,R-HSA-9023859,R-HSA-9023846,R-HSA-9023840,R-HSA-9018505,R-HSA-9018499,R-HSA-9018497,R-HSA-9018334,R-HSA-9012319,R-HSA-9012315,R-HSA-9012000,R-HSA-9011997,R-HSA-9011985,R-HSA-9011984,R-HSA-9011983,R-HSA-9011981,R-HSA-9011975,R-HSA-9011971,R-HSA-9011966,R-HSA-9011952,R-HSA-9011950,R-HSA-9011949,R-HSA-9011941,R-HSA-9009541,R-HSA-9009536,R-HSA-9009533,R-HSA-9009526,R-HSA-9009378,R-HSA-9009371,R-HSA-9009065,R-HSA-9008315,R-HSA-9008285,R-HSA-9008271,R-HSA-9008270,R-HSA-9008258,R-HSA-8938231,R-HSA-8938228,R-HSA-8932084,R-HSA-8932076,R-HSA-8932037,R-HSA-8932033,R-HSA-8932021,R-HSA-8932020,R-HSA-8931981
R-HSA-196807	R-HSA-8938076
R-HSA-8950505	R-HSA-8950623,R-HSA-8950328
R-HSA-8854691	R-HSA-8987270,R-HSA-8987266,R-HSA-8987255,R-HSA-8987236,R-HSA-8987230,R-HSA-8987220,R-HSA-8987179,R-HSA-8987161,R-HSA-8987156,R-HSA-8987150,R-HSA-8987141,R-HSA-8987104,R-HSA-8987097,R-HSA-8987096,R-HSA-8987080,R-HSA-8987070,R-HSA-8987063,R-HSA-8987033,R-HSA-8987014,R-HSA-8986985,R-HSA-8982165,R-HSA-8982163,R-HSA-8982162,R-HSA-8950780,R-HSA-8950724
R-HSA-9006335	R-HSA-9032478,R-HSA-9029158,R-HSA-9029155,R-HSA-9029151,R-HSA-9029150,R-HSA-9029149,R-HSA-9027425,R-HSA-9027373,R-HSA-9027281,R-HSA-9027280,R-HSA-9027275,R-HSA-9027274,R-HSA-9027273,R-HSA-9027272,R-HSA-9024726,R-HSA-9024723,R-HSA-9021627,R-HSA-9012657,R-HSA-9012654,R-HSA-9012651,R-HSA-9012650,R-HSA-9006332,R-HSA-9006325,R-HSA-9006323
R-HSA-9008059	R-HSA-9012689,R-HSA-9012556,R-HSA-9012542,R-HSA-9009072,R-HSA-9008894
R-HSA-9013507	R-HSA-9018573,R-HSA-9018572,R-HSA-9017817,R-HSA-9013361,R-HSA-9013284
R-HSA-9013508	R-HSA-9021450,R-HSA-9016751
R-HSA-211981	R-HSA-9037761
R-HSA-933542	R-HSA-933530
R-HSA-937041	R-HSA-937029
R-HSA-9604323	R-HSA-9604328
R-HSA-9013695	R-HSA-9604664,R-HSA-9604471
R-HSA-390918	R-HSA-977317
R-HSA-912694	R-HSA-997311
R-HSA-111997	R-HSA-111933
R-HSA-112399	R-HSA-109704
R-HSA-1168372	R-HSA-1169091
R-HSA-1227986	R-HSA-8863795,R-HSA-1250196
R-HSA-1236394	R-HSA-1251985
R-HSA-1236975	R-HSA-1236974
R-HSA-1461973	R-HSA-1461957
R-HSA-1483206	R-HSA-1483191
R-HSA-1483255	R-HSA-1660499
R-HSA-156580	R-HSA-156590
R-HSA-15869	R-HSA-8956321,R-HSA-8956319
R-HSA-1655829	R-HSA-2426168
R-HSA-166658	R-HSA-977606
R-HSA-168643	R-HSA-622312,R-HSA-168638
R-HSA-168928	R-HSA-933542,R-HSA-933541
R-HSA-177929	R-HSA-182971
R-HSA-1834949	R-HSA-1606322
R-HSA-186797	R-HSA-186763
R-HSA-187687	R-HSA-167044
R-HSA-1912422	R-HSA-1912408
R-HSA-192105	R-HSA-193368
R-HSA-196849	R-HSA-196807,R-HSA-196741
R-HSA-1980143	R-HSA-2122948,R-HSA-2122947
R-HSA-1980145	R-HSA-2979096
R-HSA-198725	R-HSA-198753
R-HSA-199418	R-HSA-6811558
R-HSA-201681	R-HSA-4641262,R-HSA-3769402,R-HSA-201722
R-HSA-202403	R-HSA-202433,R-HSA-202430,R-HSA-202427,R-HSA-202424
R-HSA-2029480	R-HSA-2029485,R-HSA-2029482,R-HSA-2029481
R-HSA-204998	R-HSA-193648
R-HSA-211897	R-HSA-211981
R-HSA-2142753	R-HSA-2142691
R-HSA-2172127	R-HSA-2424491
R-HSA-2173793	R-HSA-2173796,R-HSA-2173795
R-HSA-2454202	R-HSA-2871837,R-HSA-2871809,R-HSA-2871796,R-HSA-2730905
R-HSA-2514856	R-HSA-2514859
R-HSA-375276	R-HSA-380108
R-HSA-389356	R-HSA-389357
R-HSA-397795	R-HSA-392451
R-HSA-400206	R-HSA-1989781
R-HSA-422356	R-HSA-400042,R-HSA-381676
R-HSA-428157	R-HSA-1660662
R-HSA-4420097	R-HSA-5218920
R-HSA-446652	R-HSA-9008059
R-HSA-450282	R-HSA-198753
R-HSA-451927	R-HSA-912526
R-HSA-512988	R-HSA-912631,R-HSA-912526
R-HSA-5610787	R-HSA-5610785,R-HSA-5610783,R-HSA-5610780
R-HSA-5621481	R-HSA-5621575,R-HSA-5621480
R-HSA-5625740	R-HSA-5625886
R-HSA-5654687	R-HSA-5654693,R-HSA-5654688
R-HSA-5654696	R-HSA-5654700,R-HSA-5654699
R-HSA-5654708	R-HSA-5654706
R-HSA-5654716	R-HSA-5654719,R-HSA-5654712
R-HSA-5668541	R-HSA-5669034
R-HSA-5673001	R-HSA-5675221,R-HSA-5674135,R-HSA-5673000
R-HSA-6807070	R-HSA-8948751,R-HSA-8943724
R-HSA-70326	R-HSA-70263
R-HSA-71406	R-HSA-70268
R-HSA-75893	R-HSA-5357956,R-HSA-5357905
R-HSA-8875878	R-HSA-8874081
R-HSA-8979227	R-HSA-163560
R-HSA-9006921	R-HSA-354192
R-HSA-9006927	R-HSA-8848021
R-HSA-9009391	R-HSA-9634638
R-HSA-9012852	R-HSA-9013508,R-HSA-9013507
R-HSA-9013694	R-HSA-9604323,R-HSA-9013695
R-HSA-9020591	R-HSA-8950505
R-HSA-909733	R-HSA-912694
R-HSA-111996	R-HSA-111997
R-HSA-1257604	R-HSA-6807070,R-HSA-199418
R-HSA-1428517	R-HSA-71406
R-HSA-1483257	R-HSA-1483255,R-HSA-1483206
R-HSA-1489509	R-HSA-111997
R-HSA-157118	R-HSA-9013694,R-HSA-9012852,R-HSA-1980145,R-HSA-1980143,R-HSA-1912422
R-HSA-163685	R-HSA-422356
R-HSA-170834	R-HSA-2173793
R-HSA-187037	R-HSA-198725,R-HSA-187687
R-HSA-193704	R-HSA-204998
R-HSA-194068	R-HSA-192105
R-HSA-194138	R-HSA-4420097
R-HSA-195258	R-HSA-5668599,R-HSA-5663220,R-HSA-5625740
R-HSA-195721	R-HSA-201681,R-HSA-195253
R-HSA-196854	R-HSA-196849
R-HSA-211945	R-HSA-211897
R-HSA-2187338	R-HSA-2514856,R-HSA-2453902
R-HSA-2428928	R-HSA-112399
R-HSA-373076	R-HSA-375280,R-HSA-375276
R-HSA-388841	R-HSA-389948,R-HSA-389513,R-HSA-389356
R-HSA-447115	R-HSA-9020591
R-HSA-450294	R-HSA-450302,R-HSA-450282
R-HSA-5358351	R-HSA-5632684,R-HSA-5610787,R-HSA-5358346
R-HSA-5654736	R-HSA-5654726,R-HSA-5654687
R-HSA-5654738	R-HSA-5654727,R-HSA-5654696,R-HSA-190241
R-HSA-5654741	R-HSA-5654732,R-HSA-5654708
R-HSA-5654743	R-HSA-5654733,R-HSA-5654716
R-HSA-5684996	R-HSA-5673001,R-HSA-112409
R-HSA-6803157	R-HSA-1461973
R-HSA-6806834	R-HSA-8875878,R-HSA-6807004
R-HSA-71387	R-HSA-70326
R-HSA-74751	R-HSA-112399
R-HSA-8939211	R-HSA-9018519,R-HSA-9009391
R-HSA-8978868	R-HSA-390918,R-HSA-2142753
R-HSA-913531	R-HSA-909733,R-HSA-877300
R-HSA-9607240	R-HSA-5673001,R-HSA-109704
R-HSA-983169	R-HSA-1236975
R-HSA-983705	R-HSA-983695,R-HSA-1168372
R-HSA-112043	R-HSA-111996
R-HSA-1280218	R-HSA-983705,R-HSA-983169,R-HSA-388841,R-HSA-2132295,R-HSA-202403,R-HSA-198933
R-HSA-166058	R-HSA-450294
R-HSA-166520	R-HSA-9006115,R-HSA-187037
R-HSA-168164	R-HSA-450294
R-HSA-190236	R-HSA-5654743,R-HSA-5654741,R-HSA-5654738,R-HSA-5654736
R-HSA-194315	R-HSA-195258
R-HSA-211859	R-HSA-211945,R-HSA-156580
R-HSA-2428924	R-HSA-2428928
R-HSA-448424	R-HSA-450294
R-HSA-449836	R-HSA-9607240
R-HSA-500792	R-HSA-420499,R-HSA-373076
R-HSA-5683057	R-HSA-5687128,R-HSA-5684996
R-HSA-73887	R-HSA-75893,R-HSA-193704
R-HSA-74752	R-HSA-74751
R-HSA-8957322	R-HSA-196071,R-HSA-194068,R-HSA-1655829
R-HSA-9006925	R-HSA-1489509,R-HSA-1257604
R-HSA-9006931	R-HSA-8939211
R-HSA-9006936	R-HSA-170834
R-HSA-937061	R-HSA-937041,R-HSA-450294
R-HSA-975138	R-HSA-450294
R-HSA-975871	R-HSA-450294
R-HSA-112040	R-HSA-112043
R-HSA-166166	R-HSA-937061
R-HSA-168142	R-HSA-975871
R-HSA-168176	R-HSA-975871
R-HSA-168179	R-HSA-166058
R-HSA-168188	R-HSA-166058
R-HSA-2404192	R-HSA-2428924
R-HSA-449147	R-HSA-8854691,R-HSA-6785807,R-HSA-6783783,R-HSA-6783589,R-HSA-512988,R-HSA-451927,R-HSA-449836,R-HSA-448424,R-HSA-447115,R-HSA-446652,R-HSA-1266695
R-HSA-556833	R-HSA-8979227,R-HSA-8978868,R-HSA-8957322,R-HSA-428157,R-HSA-400206,R-HSA-1483257
R-HSA-975155	R-HSA-975138
R-HSA-111885	R-HSA-202040,R-HSA-180024,R-HSA-112040
R-HSA-1280215	R-HSA-982772,R-HSA-913531,R-HSA-5668541,R-HSA-449147
R-HSA-1430728	R-HSA-71387,R-HSA-556833,R-HSA-211859,R-HSA-196854,R-HSA-163685,R-HSA-15869,R-HSA-1428517
R-HSA-166016	R-HSA-166166,R-HSA-166058
R-HSA-168138	R-HSA-975155
R-HSA-168181	R-HSA-975155
R-HSA-181438	R-HSA-168188,R-HSA-168179
R-HSA-9006934	R-HSA-74752,R-HSA-6806834,R-HSA-2404192,R-HSA-194138,R-HSA-190236,R-HSA-186797,R-HSA-177929,R-HSA-166520,R-HSA-1433557,R-HSA-1236394,R-HSA-1227986
R-HSA-168898	R-HSA-181438,R-HSA-168181,R-HSA-168176,R-HSA-168164,R-HSA-168142,R-HSA-168138,R-HSA-166016
R-HSA-418594	R-HSA-2187338,R-HSA-111885
R-HSA-168249	R-HSA-6803157,R-HSA-6798695,R-HSA-5621481,R-HSA-2454202,R-HSA-2172127,R-HSA-2029480,R-HSA-1834949,R-HSA-168928,R-HSA-168898,R-HSA-168643,R-HSA-166658
R-HSA-388396	R-HSA-418597,R-HSA-418594,R-HSA-416482,R-HSA-397795
R-HSA-168256	R-HSA-168249,R-HSA-1280218,R-HSA-1280215
R-HSA-372790	R-HSA-500792,R-HSA-388396
R-HSA-162582	R-HSA-9006936,R-HSA-9006934,R-HSA-9006931,R-HSA-9006927,R-HSA-9006925,R-HSA-9006921,R-HSA-9006335,R-HSA-73887,R-HSA-5683057,R-HSA-5358351,R-HSA-372790,R-HSA-2028269,R-HSA-195721,R-HSA-194315,R-HSA-157118
